"Trade.ID","Date...Time","Product","Delivery.Period","Quantity","Unit.Price","Total.Quantity","Value","Off.Market.Trade","Broker","Anonymous","Voided","Invoicing.Date","Swap"
24601,"23/05/2024 11:11","CP-NZU","27-May-24",100,45.5,100,4550,"","N","Y","N","24-May-24","N"
24595,"22/05/2024 15:22","CP-NZU","24-May-24",20,44,20,880,"","N","Y","N","23-May-24","N"
24591,"22/05/2024 10:35","CP-NZU","24-May-24",1000,45,1000,45000,"","Y","Y","N","23-May-24","N"
24569,"20/05/2024 15:33","CP-NZU","22-May-24",1000,45,1000,45000,"","N","Y","N","21-May-24","N"
24547,"17/05/2024 19:31","CP-NZU","21-May-24",100,52,100,5200,"","N","Y","N","20-May-24","N"
24520,"16/05/2024 14:26","CP-NZU","20-May-24",3422,54.15,3422,185301.3,"Off Market Trade","Y","Y","N","17-May-24","N"
24519,"16/05/2024 14:22","CP-NZU","20-May-24",100,54,100,5400,"","Y","Y","N","17-May-24","N"
24518,"16/05/2024 14:22","CP-NZU","20-May-24",200,54,200,10800,"","Y","Y","N","17-May-24","N"
24517,"16/05/2024 14:22","CP-NZU","20-May-24",600,54,600,32400,"","Y","Y","N","17-May-24","N"
24516,"16/05/2024 14:22","CP-NZU","20-May-24",352,54,352,19008,"","Y","Y","N","17-May-24","N"
24485,"14/05/2024 16:31","CP-NZU","16-May-24",10,53.5,10,535,"","N","Y","N","15-May-24","N"
24479,"14/05/2024 11:20","CP-NZU","16-May-24",4913,54,4913,265302,"","N","Y","N","15-May-24","N"
24477,"13/05/2024 19:56","CP-NZU","15-May-24",50,54.1,50,2705,"","N","Y","N","14-May-24","N"
24458,"13/05/2024 8:08","CP-NZU","15-May-24",100,54,100,5400,"","N","Y","N","14-May-24","N"
24457,"13/05/2024 8:08","CP-NZU","15-May-24",30,54,30,1620,"","N","Y","N","14-May-24","N"
24437,"10/05/2024 17:07","CP-NZU","14-May-24",100,54,100,5400,"","N","Y","N","13-May-24","N"
24436,"10/05/2024 17:05","CP-NZU","14-May-24",100,54.1,100,5410,"","N","Y","N","13-May-24","N"
24405,"9/05/2024 13:58","CP-NZU","13-May-24",100,54,100,5400,"","N","Y","N","10-May-24","N"
24387,"9/05/2024 10:53","CP-NZU","13-May-24",100,53.25,100,5325,"","N","Y","N","10-May-24","N"
24382,"9/05/2024 10:08","CP-NZU","13-May-24",503,55,503,27665,"","N","Y","N","10-May-24","N"
24378,"8/05/2024 16:13","CP-NZU","10-May-24",502,55,502,27610,"","N","Y","N","9-May-24","N"
24377,"8/05/2024 15:39","CP-NZU","10-May-24",65,55,65,3575,"","N","Y","N","9-May-24","N"
24376,"8/05/2024 15:19","CP-NZU","10-May-24",61,55,61,3355,"","N","Y","N","9-May-24","N"
24375,"8/05/2024 15:19","CP-NZU","10-May-24",25,55,25,1375,"","N","Y","N","9-May-24","N"
24374,"8/05/2024 15:19","CP-NZU","10-May-24",500,55,500,27500,"","N","Y","N","9-May-24","N"
24373,"8/05/2024 15:19","CP-NZU","10-May-24",170,55,170,9350,"","N","Y","N","9-May-24","N"
24369,"8/05/2024 11:21","CP-NZU","10-May-24",100,54,100,5400,"","N","Y","N","9-May-24","N"
24344,"7/05/2024 11:37","CP-NZU","9-May-24",151,55,151,8305,"","N","Y","N","8-May-24","N"
24332,"6/05/2024 10:12","CP-NZU","8-May-24",490,55,490,26950,"","N","Y","N","7-May-24","N"
24331,"6/05/2024 10:00","CP-NZU","8-May-24",40,55,40,2200,"","N","Y","N","7-May-24","N"
24330,"6/05/2024 10:00","CP-NZU","8-May-24",50,55,50,2750,"","N","Y","N","7-May-24","N"
24295,"3/05/2024 13:13","CP-NZU","7-May-24",65,53.15,65,3454.75,"","N","Y","N","6-May-24","N"
24269,"2/05/2024 13:31","CP-NZU","6-May-24",100,53.1,100,5310,"","N","Y","N","3-May-24","N"
24268,"2/05/2024 12:04","CP-NZU","6-May-24",350,53.35,350,18672.5,"","N","Y","N","3-May-24","N"
24255,"1/05/2024 13:37","CP-NZU","3-May-24",520,55,520,28600,"","Y","Y","N","2-May-24","N"
24221,"29/04/2024 12:23","CP-NZU","1-May-24",31,54,31,1674,"","Y","Y","N","30-Apr-24","N"
24168,"24/04/2024 14:37","CP-NZU","29-Apr-24",677,55,677,37235,"","Y","Y","N","26-Apr-24","N"
24167,"24/04/2024 14:37","CP-NZU","29-Apr-24",323,55,323,17765,"","N","Y","N","26-Apr-24","N"
24151,"23/04/2024 14:28","CP-NZU","26-Apr-24",76,55.5,76,4218,"","N","Y","N","24-Apr-24","N"
24149,"23/04/2024 11:27","CP-NZU","26-Apr-24",144,55.5,144,7992,"","N","Y","N","24-Apr-24","N"
24138,"22/04/2024 14:39","CP-NZU","24-Apr-24",5865,55,5865,322575,"","Y","Y","N","23-Apr-24","N"
24137,"22/04/2024 14:39","CP-NZU","24-Apr-24",50,55,50,2750,"","Y","Y","N","23-Apr-24","N"
24134,"22/04/2024 11:37","CP-NZU","24-Apr-24",500,54,500,27000,"","Y","Y","N","23-Apr-24","N"
24095,"18/04/2024 15:26","CP-NZU","22-Apr-24",300,53,300,15900,"","N","Y","N","19-Apr-24","N"
24089,"18/04/2024 15:05","CP-NZU","22-Apr-24",69,52.5,69,3622.5,"","Y","Y","N","19-Apr-24","N"
24086,"18/04/2024 12:07","CP-NZU","22-Apr-24",500,50,500,25000,"","N","Y","N","19-Apr-24","N"
24085,"18/04/2024 12:02","CP-NZU","22-Apr-24",3820,52.5,3820,200550,"Off Market Trade","Y","Y","N","19-Apr-24","N"
24084,"18/04/2024 12:01","CP-NZU","22-Apr-24",500,50,500,25000,"","N","Y","N","19-Apr-24","N"
24079,"18/04/2024 9:58","CP-NZU","22-Apr-24",599,52.5,599,31447.5,"","N","Y","N","19-Apr-24","N"
24078,"18/04/2024 9:43","CP-NZU","22-Apr-24",100,52,100,5200,"","N","Y","N","19-Apr-24","N"
24071,"17/04/2024 17:29","CP-NZU","19-Apr-24",51,54.5,51,2779.5,"","N","Y","N","18-Apr-24","N"
24069,"17/04/2024 14:12","CP-NZU","19-Apr-24",25,51,25,1275,"","N","Y","N","18-Apr-24","N"
24059,"17/04/2024 12:24","CP-NZU","19-Apr-24",780,52,780,40560,"Off Market Trade","Y","Y","N","18-Apr-24","N"
24027,"15/04/2024 16:27","CP-NZU","17-Apr-24",400,52.5,400,21000,"","N","Y","N","16-Apr-24","N"
24018,"14/04/2024 18:11","CP-NZU","16-Apr-24",1,54,1,54,"","N","Y","N","15-Apr-24","N"
24002,"13/04/2024 12:54","CP-NZU","16-Apr-24",35,54,35,1890,"","N","Y","N","15-Apr-24","N"
23988,"12/04/2024 8:33","CP-NZU","11-Jul-24",2700,54,2700,145800,"Off Market Trade","Y","Y","N","10-Jul-24","N"
23973,"11/04/2024 9:41","CP-NZU","15-Apr-24",60,53.5,60,3210,"","N","Y","N","12-Apr-24","N"
23967,"10/04/2024 15:09","CP-NZU","12-Apr-24",49,53.5,49,2621.5,"","N","Y","N","11-Apr-24","N"
23966,"10/04/2024 14:47","CP-NZU","12-Apr-24",81,54.5,81,4414.5,"","N","Y","N","11-Apr-24","N"
23962,"9/04/2024 14:58","CP-NZU","11-Apr-24",100,55,100,5500,"","N","Y","N","10-Apr-24","N"
23957,"8/04/2024 11:06","CP-NZU","10-Apr-24",290,57,290,16530,"","N","Y","N","9-Apr-24","N"
23956,"8/04/2024 8:17","CP-NZU","10-Apr-24",40,57.5,40,2300,"","N","Y","N","9-Apr-24","N"
23912,"4/04/2024 13:34","CP-NZU","26-Apr-24",7080,60.2,7080,426216,"Off Market Trade","Y","Y","N","24-Apr-24","N"
23910,"4/04/2024 13:15","CP-NZU","8-Apr-24",500,58,500,29000,"","Y","Y","N","5-Apr-24","N"
23892,"4/04/2024 11:26","CP-NZU","8-Apr-24",828,57.5,828,47610,"","Y","Y","N","5-Apr-24","N"
23891,"4/04/2024 11:24","CP-NZU","8-Apr-24",1972,57.5,1972,113390,"","N","Y","N","5-Apr-24","N"
23890,"4/04/2024 10:58","CP-NZU","8-Apr-24",3000,57.5,3000,172500,"","N","Y","N","5-Apr-24","N"
23889,"4/04/2024 10:34","CP-NZU","8-Apr-24",107,58.5,107,6259.5,"","N","Y","N","5-Apr-24","N"
23888,"3/04/2024 16:31","CP-NZU","5-Apr-24",35,58.5,35,2047.5,"","N","Y","N","4-Apr-24","N"
23885,"3/04/2024 14:42","CP-NZU","5-Apr-24",64,58.5,64,3744,"","N","Y","N","4-Apr-24","N"
23882,"3/04/2024 14:09","CP-NZU","5-Apr-24",76,58.5,76,4446,"","N","Y","N","4-Apr-24","N"
23880,"3/04/2024 11:11","CP-NZU","5-Apr-24",1450,58.6,1450,84970,"Off Market Trade","Y","Y","N","4-Apr-24","N"
23872,"2/04/2024 14:22","CP-NZU","4-Apr-24",30,57,30,1710,"","Y","Y","N","3-Apr-24","N"
23801,"28/03/2024 14:31","CP-NZU","3-Apr-24",600,56.5,600,33900,"","N","Y","N","2-Apr-24","N"
23795,"28/03/2024 13:15","CP-NZU","3-Apr-24",308,56,308,17248,"","N","Y","N","2-Apr-24","N"
23790,"28/03/2024 12:56","CP-NZU","3-Apr-24",260,56,260,14560,"","N","Y","N","2-Apr-24","N"
23743,"25/03/2024 18:47","CP-NZU","27-Mar-24",150,54,150,8100,"","N","Y","N","26-Mar-24","N"
23712,"22/03/2024 12:50","CP-NZU","26-Mar-24",2500,56,2500,140000,"Off Market Trade","Y","Y","N","25-Mar-24","N"
23711,"22/03/2024 9:18","CP-NZU","26-Mar-24",290,54.25,290,15732.5,"","N","Y","N","25-Mar-24","N"
23710,"22/03/2024 9:04","CP-NZU","26-Mar-24",290,54,290,15660,"","N","Y","N","25-Mar-24","N"
23709,"22/03/2024 8:48","CP-NZU","26-Mar-24",10,54,10,540,"","N","Y","N","25-Mar-24","N"
23708,"22/03/2024 8:48","CP-NZU","26-Mar-24",65,54,65,3510,"","N","Y","N","25-Mar-24","N"
23707,"22/03/2024 8:48","CP-NZU","26-Mar-24",35,54.25,35,1898.75,"","N","Y","N","25-Mar-24","N"
23701,"21/03/2024 10:30","CP-NZU","25-Mar-24",117,51,117,5967,"","N","Y","N","22-Mar-24","N"
23700,"21/03/2024 10:30","CP-NZU","25-Mar-24",20,52,20,1040,"","N","Y","N","22-Mar-24","N"
23699,"21/03/2024 10:29","CP-NZU","25-Mar-24",20,53,20,1060,"","N","Y","N","22-Mar-24","N"
23698,"21/03/2024 10:29","CP-NZU","25-Mar-24",15,53,15,795,"","N","Y","N","22-Mar-24","N"
23693,"20/03/2024 16:07","CP-NZU","22-Mar-24",5000,54,5000,270000,"Off Market Trade","Y","Y","N","21-Mar-24","N"
23687,"20/03/2024 12:28","CP-NZU","22-Mar-24",25,60,25,1500,"","N","Y","N","21-Mar-24","N"
23686,"20/03/2024 12:03","CP-NZU","22-Mar-24",1434,66,1434,94644,"","N","Y","N","21-Mar-24","N"
23685,"20/03/2024 12:03","CP-NZU","22-Mar-24",66,66,66,4356,"","N","Y","N","21-Mar-24","N"
23682,"19/03/2024 14:14","CP-NZU","21-Mar-24",400,65,400,26000,"","N","Y","N","20-Mar-24","N"
23681,"19/03/2024 12:49","CP-NZU","21-Mar-24",60,65,60,3900,"","N","Y","N","20-Mar-24","N"
23680,"19/03/2024 11:16","CP-NZU","21-Mar-24",500,64.05,500,32025,"","N","Y","N","20-Mar-24","N"
23679,"19/03/2024 11:16","CP-NZU","21-Mar-24",450,64.5,450,29025,"","N","Y","N","20-Mar-24","N"
23666,"18/03/2024 15:56","CP-NZU","20-Mar-24",35,65,35,2275,"","N","Y","N","19-Mar-24","N"
23665,"18/03/2024 15:56","CP-NZU","20-Mar-24",48,65,48,3120,"","N","Y","N","19-Mar-24","N"
23656,"18/03/2024 14:09","CP-NZU","20-Mar-24",100,65,100,6500,"","N","Y","N","19-Mar-24","N"
23655,"18/03/2024 13:58","CP-NZU","20-Mar-24",650,65,650,42250,"","N","Y","N","19-Mar-24","N"
23654,"18/03/2024 13:54","CP-NZU","20-Mar-24",202,65,202,13130,"","N","Y","N","19-Mar-24","N"
23627,"15/03/2024 13:21","CP-NZU","19-Mar-24",35,65,35,2275,"","N","Y","N","18-Mar-24","N"
23569,"13/03/2024 11:33","CP-NZU","15-Mar-24",100,67.5,100,6750,"","Y","Y","N","14-Mar-24","N"
23555,"12/03/2024 10:36","CP-NZU","14-Mar-24",111,69,111,7659,"","Y","Y","N","13-Mar-24","N"
23550,"11/03/2024 13:38","CP-NZU","13-Mar-24",585,68.25,585,39926.25,"Off Market Trade","Y","Y","N","12-Mar-24","N"
23510,"8/03/2024 14:43","CP-NZU","12-Mar-24",150,70,150,10500,"","Y","Y","N","11-Mar-24","N"
23509,"8/03/2024 14:43","CP-NZU","12-Mar-24",200,70,200,14000,"","Y","Y","N","11-Mar-24","N"
23505,"8/03/2024 13:02","CP-NZU","12-Mar-24",2000,69,2000,138000,"","Y","Y","N","11-Mar-24","N"
23504,"8/03/2024 13:02","CP-NZU","12-Mar-24",1465,69,1465,101085,"","N","Y","N","11-Mar-24","N"
23503,"8/03/2024 13:02","CP-NZU","12-Mar-24",35,69,35,2415,"","N","Y","N","11-Mar-24","N"
23497,"8/03/2024 12:34","CP-NZU","12-Mar-24",435,69,435,30015,"","N","Y","N","11-Mar-24","N"
23495,"8/03/2024 12:19","CP-NZU","12-Mar-24",100,69,100,6900,"","N","Y","N","11-Mar-24","N"
23494,"8/03/2024 11:28","CP-NZU","12-Mar-24",1054,68,1054,71672,"","Y","Y","N","11-Mar-24","N"
23478,"7/03/2024 13:03","CP-NZU","11-Mar-24",620,68,620,42160,"","Y","Y","N","8-Mar-24","N"
23471,"6/03/2024 16:51","CP-NZU","8-Mar-24",170,68,170,11560,"","Y","Y","N","7-Mar-24","N"
23470,"6/03/2024 16:51","CP-NZU","8-Mar-24",150,68,150,10200,"","Y","Y","N","7-Mar-24","N"
23469,"6/03/2024 16:51","CP-NZU","8-Mar-24",125,68,125,8500,"","Y","Y","N","7-Mar-24","N"
23468,"6/03/2024 16:12","CP-NZU","8-Mar-24",1000,67.5,1000,67500,"","Y","Y","N","7-Mar-24","N"
23466,"6/03/2024 15:18","CP-NZU","8-Mar-24",445,67,445,29815,"","Y","Y","N","7-Mar-24","N"
23460,"6/03/2024 13:12","CP-NZU","8-Mar-24",1324,67,1324,88708,"Off Market Trade","Y","Y","N","7-Mar-24","N"
23459,"6/03/2024 12:50","CP-NZU","8-Mar-24",133,67,133,8911,"","Y","Y","N","7-Mar-24","N"
23458,"6/03/2024 12:50","CP-NZU","8-Mar-24",12,66,12,792,"","Y","Y","N","7-Mar-24","N"
23456,"5/03/2024 15:51","CP-NZU","7-Mar-24",1000,66,1000,66000,"","Y","Y","N","6-Mar-24","N"
23447,"5/03/2024 14:54","CP-NZU","7-Mar-24",186,66,186,12276,"","Y","Y","N","6-Mar-24","N"
23446,"5/03/2024 14:54","CP-NZU","7-Mar-24",50,66,50,3300,"","Y","Y","N","6-Mar-24","N"
23426,"4/03/2024 17:01","CP-NZU","6-Mar-24",218,65,218,14170,"","Y","Y","N","5-Mar-24","N"
23422,"4/03/2024 15:42","CP-NZU","6-Mar-24",19,65,19,1235,"","Y","Y","N","5-Mar-24","N"
23419,"4/03/2024 12:28","CP-NZU","6-Mar-24",249,65,249,16185,"","Y","Y","N","5-Mar-24","N"
23394,"1/03/2024 16:41","CP-NZU","5-Mar-24",604,67,604,40468,"","N","Y","N","4-Mar-24","N"
23383,"1/03/2024 9:02","CP-NZU","15-Mar-24",1000,66.5,1000,66500,"Off Market Trade","Y","Y","N","14-Mar-24","N"
23375,"29/02/2024 15:09","CP-NZU","4-Mar-24",127,65,127,8255,"","Y","Y","N","1-Mar-24","N"
23373,"29/02/2024 11:29","CP-NZU","15-Mar-24",5542,66.5,5542,368543,"Off Market Trade","Y","Y","N","14-Mar-24","N"
23371,"29/02/2024 10:34","CP-NZU","4-Mar-24",1000,66.5,1000,66500,"Off Market Trade","Y","Y","N","1-Mar-24","N"
23368,"29/02/2024 10:00","CP-NZU","4-Mar-24",200,65,200,13000,"","N","Y","N","1-Mar-24","N"
23356,"27/02/2024 10:57","CP-NZU","29-Feb-24",196,66.5,196,13034,"","N","Y","N","28-Feb-24","N"
23355,"27/02/2024 10:57","CP-NZU","29-Feb-24",20,66.5,20,1330,"","N","Y","N","28-Feb-24","N"
23354,"27/02/2024 10:57","CP-NZU","29-Feb-24",550,66.5,550,36575,"","N","Y","N","28-Feb-24","N"
23344,"26/02/2024 16:53","CP-NZU","28-Feb-24",50,66.5,50,3325,"","N","Y","N","27-Feb-24","N"
23307,"22/02/2024 8:44","CP-NZU","26-Feb-24",400,66.5,400,26600,"","N","Y","N","23-Feb-24","N"
23302,"21/02/2024 15:45","CP-NZU","23-Feb-24",1336,66.5,1336,88844,"","Y","Y","N","22-Feb-24","N"
23301,"21/02/2024 15:14","CP-NZU","23-Feb-24",5000,67,5000,335000,"","Y","Y","N","22-Feb-24","N"
23284,"20/02/2024 16:22","CP-NZU","22-Feb-24",335,69.25,335,23198.75,"","N","Y","N","21-Feb-24","N"
23266,"19/02/2024 11:21","CP-NZU","21-Feb-24",720,68.5,720,49320,"","Y","Y","N","20-Feb-24","N"
23265,"19/02/2024 11:21","CP-NZU","21-Feb-24",100,68.4,100,6840,"","Y","Y","N","20-Feb-24","N"
23264,"19/02/2024 11:21","CP-NZU","21-Feb-24",150,68,150,10200,"","Y","Y","N","20-Feb-24","N"
23235,"16/02/2024 12:03","CP-NZU","20-Feb-24",4114,68.5,4114,281809,"","Y","Y","N","19-Feb-24","N"
23217,"15/02/2024 14:40","CP-NZU","19-Feb-24",1007,70,1007,70490,"","N","Y","N","16-Feb-24","N"
23216,"15/02/2024 12:52","CP-NZU","19-Feb-24",100,69.5,100,6950,"","Y","Y","N","16-Feb-24","N"
23205,"15/02/2024 8:24","CP-NZU","19-Feb-24",1000,70,1000,70000,"","N","Y","N","16-Feb-24","N"
23204,"14/02/2024 15:42","CP-NZU","16-Feb-24",1000,70,1000,70000,"","Y","Y","N","15-Feb-24","N"
23196,"13/02/2024 15:39","CP-NZU","15-Feb-24",1000,71.6,1000,71600,"","N","Y","N","14-Feb-24","N"
23195,"13/02/2024 15:11","CP-NZU","15-Feb-24",800,71,800,56800,"","Y","Y","N","14-Feb-24","N"
23190,"13/02/2024 14:32","CP-NZU","15-Feb-24",1613,70.75,1613,114119.75,"Off Market Trade","Y","Y","N","14-Feb-24","N"
23173,"12/02/2024 12:08","CP-NZU","23-Feb-24",2657,73,2657,193961,"Off Market Trade","Y","Y","N","22-Feb-24","N"
23084,"2/02/2024 17:05","CP-NZU","7-Feb-24",150,73,150,10950,"","Y","Y","N","5-Feb-24","N"
23083,"2/02/2024 17:05","CP-NZU","7-Feb-24",5000,73,5000,365000,"","Y","Y","N","5-Feb-24","N"
23082,"2/02/2024 17:05","CP-NZU","7-Feb-24",123,73,123,8979,"","Y","Y","N","5-Feb-24","N"
23065,"1/02/2024 16:45","CP-NZU","5-Feb-24",3182,73.25,3182,233081.5,"Off Market Trade","Y","Y","N","2-Feb-24","N"
23061,"1/02/2024 15:49","CP-NZU","5-Feb-24",1500,73,1500,109500,"","Y","Y","N","2-Feb-24","N"
23060,"1/02/2024 14:39","CP-NZU","5-Feb-24",467,73,467,34091,"","Y","Y","N","2-Feb-24","N"
23059,"1/02/2024 14:08","CP-NZU","5-Feb-24",1816,73.25,1816,133022,"Off Market Trade","Y","Y","N","2-Feb-24","N"
23055,"31/01/2024 17:30","CP-NZU","2-Feb-24",5000,73.5,5000,367500,"Off Market Trade","Y","Y","N","1-Feb-24","N"
23054,"31/01/2024 17:24","CP-NZU","2-Feb-24",100,72.5,100,7250,"","Y","Y","N","1-Feb-24","N"
23047,"30/01/2024 19:07","CP-NZU","1-Feb-24",100,70.5,100,7050,"","Y","Y","N","31-Jan-24","N"
23045,"30/01/2024 17:14","CP-NZU","1-Feb-24",25,71,25,1775,"","Y","Y","N","31-Jan-24","N"
23044,"30/01/2024 17:14","CP-NZU","1-Feb-24",100,71,100,7100,"","Y","Y","N","31-Jan-24","N"
23036,"30/01/2024 13:20","CP-NZU","1-Feb-24",50,69.1,50,3455,"","Y","Y","N","31-Jan-24","N"
23035,"30/01/2024 13:19","CP-NZU","1-Feb-24",10,70,10,700,"","Y","Y","N","31-Jan-24","N"
23034,"30/01/2024 12:32","CP-NZU","1-Feb-24",145,69,145,10005,"","Y","Y","N","31-Jan-24","N"
22993,"26/01/2024 16:05","CP-NZU","30-Jan-24",125,70,125,8750,"","Y","Y","N","29-Jan-24","N"
22979,"26/01/2024 8:28","CP-NZU","30-Jan-24",304,69.1,304,21006.4,"","Y","Y","N","29-Jan-24","N"
22970,"24/01/2024 13:08","CP-NZU","26-Jan-24",100,70,100,7000,"","Y","Y","N","25-Jan-24","N"
22969,"24/01/2024 13:08","CP-NZU","26-Jan-24",1000,70,1000,70000,"","Y","Y","N","25-Jan-24","N"
22968,"24/01/2024 13:08","CP-NZU","26-Jan-24",500,70,500,35000,"","Y","Y","N","25-Jan-24","N"
22967,"24/01/2024 13:00","CP-NZU","26-Jan-24",230,69,230,15870,"","Y","Y","N","25-Jan-24","N"
22964,"24/01/2024 12:09","CP-NZU","26-Jan-24",912,69,912,62928,"","Y","Y","N","25-Jan-24","N"
22963,"24/01/2024 11:59","CP-NZU","26-Jan-24",75,69,75,5175,"","Y","Y","N","25-Jan-24","N"
22962,"24/01/2024 11:57","CP-NZU","26-Jan-24",1902,68.95,1902,131142.9,"","Y","Y","N","25-Jan-24","N"
22954,"23/01/2024 16:46","CP-NZU","25-Jan-24",250,68,250,17000,"","Y","Y","N","24-Jan-24","N"
22953,"23/01/2024 16:02","CP-NZU","25-Jan-24",500,67.5,500,33750,"","N","Y","N","24-Jan-24","N"
22947,"23/01/2024 12:01","CP-NZU","25-Jan-24",100,66.5,100,6650,"","Y","Y","N","24-Jan-24","N"
22946,"23/01/2024 11:14","CP-NZU","25-Jan-24",100,67.5,100,6750,"","Y","Y","N","24-Jan-24","N"
22932,"22/01/2024 13:02","CP-NZU","24-Jan-24",1000,67,1000,67000,"","Y","Y","N","23-Jan-24","N"
22836,"12/01/2024 11:12","CP-NZU","16-Jan-24",150,67.7,150,10155,"","Y","Y","N","15-Jan-24","N"
22835,"12/01/2024 11:12","CP-NZU","16-Jan-24",50,69,50,3450,"","Y","Y","N","15-Jan-24","N"
22513,"21/12/2023 17:06","CP-NZU","8-Jan-24",12,70,12,840,"","N","Y","N","22-Dec-23","N"
22445,"18/12/2023 10:28","CP-NZU","20-Dec-23",2490,71,2490,176790,"","N","Y","N","19-Dec-23","N"
22426,"15/12/2023 12:40","CP-NZU","19-Dec-23",500,71.5,500,35750,"","N","Y","N","18-Dec-23","N"
22409,"15/12/2023 9:34","CP-NZU","19-Dec-23",1000,71,1000,71000,"","N","Y","N","18-Dec-23","N"
22408,"15/12/2023 9:27","CP-NZU","19-Dec-23",4190,71,4190,297490,"","N","Y","N","18-Dec-23","N"
22395,"14/12/2023 10:50","CP-NZU","18-Dec-23",500,71.5,500,35750,"","N","Y","N","15-Dec-23","N"
22390,"13/12/2023 14:55","CP-NZU","15-Dec-23",10000,71.75,10000,717500,"Off Market Trade","Y","Y","N","14-Dec-23","N"
22389,"13/12/2023 14:03","CP-NZU","15-Dec-23",10000,71.9,10000,719000,"Off Market Trade","Y","Y","N","14-Dec-23","N"
22383,"13/12/2023 9:34","CP-NZU","15-Dec-23",350,72,350,25200,"","N","Y","N","14-Dec-23","N"
22382,"13/12/2023 9:08","CP-NZU","15-Dec-23",70,72,70,5040,"","N","Y","N","14-Dec-23","N"
22376,"12/12/2023 12:33","CP-NZU","14-Dec-23",5000,71.9,5000,359500,"","Y","Y","N","13-Dec-23","N"
22375,"12/12/2023 12:33","CP-NZU","14-Dec-23",40,71,40,2840,"","N","Y","N","13-Dec-23","N"
22373,"12/12/2023 8:58","CP-NZU","14-Dec-23",1000,70,1000,70000,"","N","Y","N","13-Dec-23","N"
22370,"11/12/2023 13:56","CP-NZU","13-Dec-23",50,70,50,3500,"","N","Y","N","12-Dec-23","N"
22367,"11/12/2023 12:22","CP-NZU (F)","Mar-24",7000,70,7000,490000,"Off Market Trade","Y","Y","N","1-Apr-24","N"
22362,"11/12/2023 8:39","CP-NZU","13-Dec-23",600,70,600,42000,"","N","Y","N","12-Dec-23","N"
22334,"7/12/2023 10:45","CP-NZU","11-Dec-23",428,71,428,30388,"","Y","Y","N","8-Dec-23","N"
22333,"7/12/2023 10:41","CP-NZU","11-Dec-23",1408,71,1408,99968,"","Y","Y","N","8-Dec-23","N"
22309,"6/12/2023 11:54","CP-NZU","8-Dec-23",250,75,250,18750,"","N","Y","N","7-Dec-23","N"
22301,"6/12/2023 9:28","CP-NZU","8-Dec-23",1000,74.5,1000,74500,"","N","Y","N","7-Dec-23","N"
22288,"4/12/2023 12:15","CP-NZU","6-Dec-23",125,76,125,9500,"","Y","Y","N","5-Dec-23","N"
22287,"4/12/2023 9:38","CP-NZU","6-Dec-23",100,75,100,7500,"","N","Y","N","5-Dec-23","N"
22286,"4/12/2023 9:38","CP-NZU","6-Dec-23",400,75,400,30000,"","N","Y","N","5-Dec-23","N"
22285,"4/12/2023 9:38","CP-NZU","6-Dec-23",400,74.9,400,29960,"","N","Y","N","5-Dec-23","N"
22284,"4/12/2023 8:21","CP-NZU","6-Dec-23",450,74.5,450,33525,"","N","Y","N","5-Dec-23","N"
22283,"3/12/2023 16:22","CP-NZU","5-Dec-23",250,74.5,250,18625,"","N","Y","N","4-Dec-23","N"
22267,"1/12/2023 12:48","CP-NZU","5-Dec-23",2750,74.25,2750,204187.5,"Off Market Trade","Y","Y","N","4-Dec-23","N"
22266,"1/12/2023 11:42","CP-NZU","5-Dec-23",500,74.5,500,37250,"","Y","Y","N","4-Dec-23","N"
22265,"1/12/2023 11:41","CP-NZU","5-Dec-23",7,73.5,7,514.5,"","Y","Y","N","4-Dec-23","N"
22264,"1/12/2023 11:40","CP-NZU","5-Dec-23",500,73.5,500,36750,"","N","Y","N","4-Dec-23","N"
22257,"30/11/2023 14:09","CP-NZU","4-Dec-23",1300,73.5,1300,95550,"","Y","Y","N","1-Dec-23","N"
22235,"29/11/2023 13:57","CP-NZU","1-Dec-23",100,75,100,7500,"","N","Y","N","30-Nov-23","N"
22234,"29/11/2023 13:57","CP-NZU","1-Dec-23",100,75,100,7500,"","N","Y","N","30-Nov-23","N"
22233,"29/11/2023 13:57","CP-NZU","1-Dec-23",400,75,400,30000,"","N","Y","N","30-Nov-23","N"
22226,"28/11/2023 15:19","CP-NZU","30-Nov-23",410,73.25,410,30032.5,"","Y","Y","N","29-Nov-23","N"
22225,"28/11/2023 15:19","CP-NZU","30-Nov-23",5000,73.25,5000,366250,"","Y","Y","N","29-Nov-23","N"
22221,"28/11/2023 12:15","CP-NZU","30-Nov-23",1000,73,1000,73000,"","Y","Y","N","29-Nov-23","N"
22220,"28/11/2023 12:15","CP-NZU","30-Nov-23",626,73,626,45698,"","Y","Y","N","29-Nov-23","N"
22219,"28/11/2023 12:15","CP-NZU","30-Nov-23",43,73,43,3139,"","Y","Y","N","29-Nov-23","N"
22212,"28/11/2023 8:38","CP-NZU","30-Nov-23",500,72.5,500,36250,"","N","Y","N","29-Nov-23","N"
22207,"27/11/2023 15:29","CP-NZU","29-Nov-23",100,73,100,7300,"","N","Y","N","28-Nov-23","N"
22206,"27/11/2023 14:56","CP-NZU","29-Nov-23",1500,72.25,1500,108375,"","Y","Y","N","28-Nov-23","N"
22203,"27/11/2023 12:40","CP-NZU","29-Nov-23",1328,72,1328,95616,"","Y","Y","N","28-Nov-23","N"
22202,"27/11/2023 12:40","CP-NZU","29-Nov-23",100,72,100,7200,"","Y","Y","N","28-Nov-23","N"
22201,"27/11/2023 12:40","CP-NZU","29-Nov-23",100,72,100,7200,"","Y","Y","N","28-Nov-23","N"
22198,"27/11/2023 10:59","CP-NZU","29-Nov-23",3750,71.75,3750,269062.5,"","N","Y","N","28-Nov-23","N"
22197,"27/11/2023 8:06","CP-NZU","29-Nov-23",25,72,25,1800,"","N","Y","N","28-Nov-23","N"
22187,"24/11/2023 12:55","CP-NZU","28-Nov-23",500,71.1,500,35550,"","N","Y","N","27-Nov-23","N"
22186,"24/11/2023 12:23","CP-NZU","28-Nov-23",5000,70.95,5000,354750,"","N","Y","N","27-Nov-23","N"
22185,"24/11/2023 12:23","CP-NZU","28-Nov-23",240,70.85,240,17004,"","N","Y","N","27-Nov-23","N"
22174,"23/11/2023 16:03","CP-NZU","27-Nov-23",1000,70.5,1000,70500,"","Y","Y","N","24-Nov-23","N"
22173,"23/11/2023 13:37","CP-NZU","27-Nov-23",800,70.25,800,56200,"","Y","Y","N","24-Nov-23","N"
22169,"23/11/2023 10:11","CP-NZU","27-Nov-23",7308,70,7308,511560,"","N","Y","N","24-Nov-23","N"
22168,"23/11/2023 10:10","CP-NZU","27-Nov-23",1442,70,1442,100940,"","N","Y","N","24-Nov-23","N"
22156,"23/11/2023 9:29","CP-NZU","27-Nov-23",1000,70.5,1000,70500,"","N","Y","N","24-Nov-23","N"
22155,"23/11/2023 9:29","CP-NZU","27-Nov-23",558,70.2,558,39171.6,"","N","Y","N","24-Nov-23","N"
22152,"22/11/2023 16:09","CP-NZU","24-Nov-23",500,70.2,500,35100,"","Y","Y","N","23-Nov-23","N"
22148,"22/11/2023 15:49","CP-NZU","24-Nov-23",216,70.2,216,15163.2,"","Y","Y","N","23-Nov-23","N"
22147,"22/11/2023 14:03","CP-NZU","24-Nov-23",350,70.2,350,24570,"","Y","Y","N","23-Nov-23","N"
22146,"22/11/2023 10:51","CP-NZU","24-Nov-23",500,70.2,500,35100,"","Y","Y","N","23-Nov-23","N"
22133,"21/11/2023 12:59","CP-NZU","23-Nov-23",100,70.1,100,7010,"","Y","Y","N","22-Nov-23","N"
22130,"21/11/2023 8:21","CP-NZU","23-Nov-23",2000,70.5,2000,141000,"","N","Y","N","22-Nov-23","N"
22129,"21/11/2023 8:20","CP-NZU","23-Nov-23",1000,70.25,1000,70250,"","N","Y","N","22-Nov-23","N"
22123,"20/11/2023 15:31","CP-NZU","22-Nov-23",650,70,650,45500,"","Y","Y","N","21-Nov-23","N"
22099,"17/11/2023 16:54","CP-NZU","21-Nov-23",730,70,730,51100,"","Y","Y","N","20-Nov-23","N"
22098,"17/11/2023 16:36","CP-NZU","21-Nov-23",5000,70,5000,350000,"","Y","Y","N","20-Nov-23","N"
22077,"16/11/2023 13:20","CP-NZU","20-Nov-23",386,70,386,27020,"","Y","Y","N","17-Nov-23","N"
22066,"15/11/2023 13:36","CP-NZU","17-Nov-23",1741,69.6,1741,121173.6,"","Y","Y","N","16-Nov-23","N"
22065,"15/11/2023 13:36","CP-NZU","17-Nov-23",900,70,900,63000,"","N","Y","N","16-Nov-23","N"
22063,"15/11/2023 12:18","CP-NZU","17-Nov-23",100,70,100,7000,"","N","Y","N","16-Nov-23","N"
22042,"14/11/2023 11:14","CP-NZU","16-Nov-23",191,70.9,191,13541.9,"","N","Y","N","15-Nov-23","N"
21972,"8/11/2023 13:38","CP-NZU","10-Nov-23",829,71.95,829,59646.55,"","N","Y","N","9-Nov-23","N"
21971,"8/11/2023 11:46","CP-NZU","10-Nov-23",1046,71.25,1046,74527.5,"","N","Y","N","9-Nov-23","N"
21970,"8/11/2023 10:58","CP-NZU","10-Nov-23",5000,71.25,5000,356250,"","Y","Y","N","9-Nov-23","N"
21969,"8/11/2023 10:48","CP-NZU","10-Nov-23",1000,71,1000,71000,"","Y","Y","N","9-Nov-23","N"
21968,"8/11/2023 10:48","CP-NZU","10-Nov-23",637,71,637,45227,"","Y","Y","N","9-Nov-23","N"
21967,"8/11/2023 10:48","CP-NZU","10-Nov-23",1000,71,1000,71000,"","Y","Y","N","9-Nov-23","N"
21966,"8/11/2023 10:46","CP-NZU","10-Nov-23",5000,70.95,5000,354750,"","Y","Y","N","9-Nov-23","N"
21965,"8/11/2023 10:42","CP-NZU","10-Nov-23",5000,70.5,5000,352500,"","Y","Y","N","9-Nov-23","N"
21960,"7/11/2023 13:43","CP-NZU","9-Nov-23",817,70.45,817,57557.65,"","Y","Y","N","8-Nov-23","N"
21959,"7/11/2023 13:17","CP-NZU","9-Nov-23",250,70.4,250,17600,"","Y","Y","N","8-Nov-23","N"
21958,"7/11/2023 10:30","CP-NZU","9-Nov-23",100,70,100,7000,"","Y","Y","N","8-Nov-23","N"
21957,"7/11/2023 10:30","CP-NZU","9-Nov-23",500,70,500,35000,"","Y","Y","N","8-Nov-23","N"
21940,"6/11/2023 16:03","CP-NZU","8-Nov-23",300,70,300,21000,"","Y","Y","N","7-Nov-23","N"
21939,"6/11/2023 16:03","CP-NZU","8-Nov-23",417,70,417,29190,"","Y","Y","N","7-Nov-23","N"
21900,"3/11/2023 9:52","CP-NZU","7-Nov-23",20,69,20,1380,"","N","Y","N","6-Nov-23","N"
21895,"2/11/2023 16:31","CP-NZU","6-Nov-23",241,69.4,241,16725.4,"","Y","Y","N","3-Nov-23","N"
21891,"2/11/2023 11:19","CP-NZU","6-Nov-23",1071,69.5,1071,74434.5,"","Y","Y","N","3-Nov-23","N"
21890,"2/11/2023 11:19","CP-NZU","6-Nov-23",668,69.5,668,46426,"","Y","Y","N","3-Nov-23","N"
21885,"1/11/2023 10:55","CP-NZU","3-Nov-23",1000,69.5,1000,69500,"","Y","Y","N","2-Nov-23","N"
21869,"30/10/2023 14:28","CP-NZU","1-Nov-23",1200,69,1200,82800,"","Y","Y","N","31-Oct-23","N"
21868,"30/10/2023 14:06","CP-NZU","1-Nov-23",1000,69,1000,69000,"","Y","Y","N","31-Oct-23","N"
21857,"27/10/2023 16:48","CP-NZU","31-Oct-23",575,69,575,39675,"","Y","Y","N","30-Oct-23","N"
21839,"26/10/2023 16:09","CP-NZU","30-Oct-23",1673,68.75,1673,115018.75,"","Y","Y","N","27-Oct-23","N"
21838,"26/10/2023 15:50","CP-NZU","30-Oct-23",402,68,402,27336,"","N","Y","N","27-Oct-23","N"
21837,"26/10/2023 14:56","CP-NZU","30-Oct-23",1000,68,1000,68000,"","N","Y","N","27-Oct-23","N"
21836,"26/10/2023 12:37","CP-NZU","30-Oct-23",200,70,200,14000,"","Y","Y","N","27-Oct-23","N"
21835,"26/10/2023 12:37","CP-NZU","30-Oct-23",100,70,100,7000,"","Y","Y","N","27-Oct-23","N"
21834,"26/10/2023 12:37","CP-NZU","30-Oct-23",1589,70,1589,111230,"","Y","Y","N","27-Oct-23","N"
21833,"26/10/2023 12:37","CP-NZU","30-Oct-23",100,70,100,7000,"","Y","Y","N","27-Oct-23","N"
21832,"26/10/2023 10:08","CP-NZU","30-Oct-23",5000,69.25,5000,346250,"","N","Y","N","27-Oct-23","N"
21831,"26/10/2023 10:08","CP-NZU","30-Oct-23",90,69,90,6210,"","N","Y","N","27-Oct-23","N"
21830,"26/10/2023 10:08","CP-NZU","30-Oct-23",149,69,149,10281,"","N","Y","N","27-Oct-23","N"
21829,"26/10/2023 10:06","CP-NZU","30-Oct-23",1000,68.75,1000,68750,"","N","Y","N","27-Oct-23","N"
21824,"25/10/2023 17:07","CP-NZU","27-Oct-23",5000,68.75,5000,343750,"","Y","Y","N","26-Oct-23","N"
21817,"25/10/2023 11:49","CP-NZU","27-Oct-23",5000,68.5,5000,342500,"","Y","Y","N","26-Oct-23","N"
21813,"24/10/2023 17:09","CP-NZU","26-Oct-23",1000,68,1000,68000,"","N","Y","N","25-Oct-23","N"
21756,"18/10/2023 14:13","CP-NZU","20-Oct-23",1000,69,1000,69000,"","N","Y","N","19-Oct-23","N"
21752,"18/10/2023 11:49","CP-NZU","20-Oct-23",1000,68.25,1000,68250,"","N","Y","N","19-Oct-23","N"
21742,"17/10/2023 16:11","CP-NZU","19-Oct-23",150,67.5,150,10125,"","N","Y","N","18-Oct-23","N"
21740,"17/10/2023 14:54","CP-NZU","19-Oct-23",578,67.5,578,39015,"","N","Y","N","18-Oct-23","N"
21739,"17/10/2023 14:54","CP-NZU","19-Oct-23",70,67.5,70,4725,"","N","Y","N","18-Oct-23","N"
21737,"16/10/2023 16:25","CP-NZU","18-Oct-23",500,66.05,500,33025,"","N","Y","N","17-Oct-23","N"
21709,"13/10/2023 13:22","CP-NZU","25-Mar-24",3000,70,3000,210000,"Off Market Trade","Y","Y","N","22-Mar-24","N"
21706,"13/10/2023 11:26","CP-NZU","17-Oct-23",133,67,133,8911,"","N","Y","N","16-Oct-23","N"
21705,"13/10/2023 11:26","CP-NZU","17-Oct-23",200,67,200,13400,"","N","Y","N","16-Oct-23","N"
21685,"11/10/2023 16:34","CP-NZU","13-Oct-23",1952,67,1952,130784,"","N","Y","N","12-Oct-23","N"
21684,"11/10/2023 16:34","CP-NZU","13-Oct-23",1000,67,1000,67000,"","N","Y","N","12-Oct-23","N"
21668,"11/10/2023 10:34","CP-NZU","13-Oct-23",3000,66.8,3000,200400,"","Y","Y","N","12-Oct-23","N"
21667,"11/10/2023 10:34","CP-NZU","13-Oct-23",335,66.5,335,22277.5,"","Y","Y","N","12-Oct-23","N"
21658,"10/10/2023 11:11","CP-NZU","12-Oct-23",347,65.5,347,22728.5,"","N","Y","N","11-Oct-23","N"
21657,"10/10/2023 10:39","CP-NZU","12-Oct-23",200,66,200,13200,"","N","Y","N","11-Oct-23","N"
21656,"10/10/2023 10:16","CP-NZU","12-Oct-23",500,65.5,500,32750,"","N","Y","N","11-Oct-23","N"
21655,"10/10/2023 9:57","CP-NZU","12-Oct-23",1000,65.5,1000,65500,"","N","Y","N","11-Oct-23","N"
21652,"9/10/2023 13:56","CP-NZU","11-Oct-23",2358,65.5,2358,154449,"","N","Y","N","10-Oct-23","N"
21648,"9/10/2023 10:20","CP-NZU","11-Oct-23",53,65.5,53,3471.5,"","N","Y","N","10-Oct-23","N"
21647,"9/10/2023 10:19","CP-NZU","11-Oct-23",500,65,500,32500,"","N","Y","N","10-Oct-23","N"
21645,"9/10/2023 10:02","CP-NZU","11-Oct-23",200,65,200,13000,"","N","Y","N","10-Oct-23","N"
21643,"9/10/2023 9:32","CP-NZU","11-Oct-23",541,65,541,35165,"","N","Y","N","10-Oct-23","N"
21642,"9/10/2023 9:23","CP-NZU","11-Oct-23",4466,65,4466,290290,"","N","Y","N","10-Oct-23","N"
21641,"9/10/2023 8:47","CP-NZU","11-Oct-23",53,64,53,3392,"","N","Y","N","10-Oct-23","N"
21632,"6/10/2023 16:42","CP-NZU","10-Oct-23",100,65.5,100,6550,"","N","Y","N","9-Oct-23","N"
21629,"6/10/2023 15:42","CP-NZU","10-Oct-23",247,65,247,16055,"","N","Y","N","9-Oct-23","N"
21604,"5/10/2023 13:39","CP-NZU","20-Sep-24",7900,72,7900,568800,"Off Market Trade","Y","Y","N","19-Sep-24","N"
21594,"5/10/2023 9:44","CP-NZU","9-Oct-23",200,64,200,12800,"","N","Y","N","6-Oct-23","N"
21593,"4/10/2023 18:37","CP-NZU","6-Oct-23",500,64,500,32000,"","N","Y","N","5-Oct-23","N"
21590,"4/10/2023 15:47","CP-NZU","6-Oct-23",100,64,100,6400,"","N","Y","N","5-Oct-23","N"
21560,"2/10/2023 13:07","CP-NZU","4-Oct-23",35,65,35,2275,"","N","Y","N","3-Oct-23","N"
21528,"29/09/2023 16:49","CP-NZU","3-Oct-23",353,65,353,22945,"","N","Y","N","2-Oct-23","N"
21510,"28/09/2023 14:59","CP-NZU","2-Oct-23",1000,65,1000,65000,"","N","Y","N","29-Sep-23","N"
21509,"28/09/2023 14:59","CP-NZU","2-Oct-23",250,65,250,16250,"","N","Y","N","29-Sep-23","N"
21508,"28/09/2023 14:12","CP-NZU","2-Oct-23",500,64.25,500,32125,"","N","Y","N","29-Sep-23","N"
21502,"27/09/2023 15:08","CP-NZU","29-Sep-23",1500,63.5,1500,95250,"Off Market Trade","Y","Y","N","28-Sep-23","N"
21486,"26/09/2023 9:43","CP-NZU","28-Sep-23",500,64,500,32000,"","N","Y","N","27-Sep-23","N"
21481,"25/09/2023 19:52","CP-NZU","27-Sep-23",571,63.5,571,36258.5,"","N","Y","N","26-Sep-23","N"
21469,"25/09/2023 16:21","CP-NZU","20-Sep-24",10000,71,10000,710000,"Off Market Trade","Y","Y","N","19-Sep-24","N"
21447,"23/09/2023 8:06","CP-NZU","26-Sep-23",5,64.5,5,322.5,"","N","Y","N","25-Sep-23","N"
21435,"22/09/2023 8:50","CP-NZU","26-Sep-23",1066,65,1066,69290,"","N","Y","N","25-Sep-23","N"
21428,"21/09/2023 15:26","CP-NZU","25-Sep-23",394,66,394,26004,"","N","Y","N","22-Sep-23","N"
21427,"21/09/2023 13:59","CP-NZU","25-Sep-23",2000,65.5,2000,131000,"","Y","Y","N","22-Sep-23","N"
21413,"20/09/2023 14:23","CP-NZU","22-Sep-23",980,65,980,63700,"","N","Y","N","21-Sep-23","N"
21412,"20/09/2023 14:18","CP-NZU","22-Sep-23",1000,65,1000,65000,"","N","Y","N","21-Sep-23","N"
21411,"20/09/2023 14:08","CP-NZU","22-Sep-23",1000,64.5,1000,64500,"","N","Y","N","21-Sep-23","N"
21404,"19/09/2023 16:07","CP-NZU","21-Sep-23",20,65,20,1300,"","N","Y","N","20-Sep-23","N"
21394,"19/09/2023 12:05","CP-NZU","21-Sep-23",17860,65,17860,1160900,"Off Market Trade","Y","Y","N","20-Sep-23","N"
21393,"19/09/2023 11:51","CP-NZU","21-Sep-23",40,67,40,2680,"","Y","Y","N","20-Sep-23","N"
21359,"16/09/2023 11:15","CP-NZU","19-Sep-23",100,70,100,7000,"","N","Y","N","18-Sep-23","N"
21329,"14/09/2023 10:42","CP-NZU","18-Sep-23",500,71,500,35500,"","N","Y","N","15-Sep-23","N"
21326,"14/09/2023 9:59","CP-NZU","18-Sep-23",100,71,100,7100,"","N","Y","N","15-Sep-23","N"
21280,"8/09/2023 13:39","CP-NZU","12-Sep-23",200,72,200,14400,"","N","Y","N","11-Sep-23","N"
21279,"8/09/2023 13:39","CP-NZU","12-Sep-23",125,72,125,9000,"","N","Y","N","11-Sep-23","N"
21278,"8/09/2023 13:39","CP-NZU","12-Sep-23",250,71.75,250,17937.5,"","N","Y","N","11-Sep-23","N"
21277,"8/09/2023 13:39","CP-NZU","12-Sep-23",742,71.5,742,53053,"","N","Y","N","11-Sep-23","N"
21266,"8/09/2023 10:42","CP-NZU","12-Sep-23",258,71.5,258,18447,"","N","Y","N","11-Sep-23","N"
21264,"7/09/2023 16:19","CP-NZU","11-Sep-23",500,71,500,35500,"","N","Y","N","8-Sep-23","N"
21263,"7/09/2023 16:19","CP-NZU","11-Sep-23",1100,71,1100,78100,"","N","Y","N","8-Sep-23","N"
21262,"7/09/2023 16:19","CP-NZU","11-Sep-23",400,71,400,28400,"","N","Y","N","8-Sep-23","N"
21260,"7/09/2023 13:16","CP-NZU","11-Sep-23",1086,71,1086,77106,"","Y","Y","N","8-Sep-23","N"
21259,"7/09/2023 13:16","CP-NZU","11-Sep-23",500,70.75,500,35375,"","Y","Y","N","8-Sep-23","N"
21258,"7/09/2023 13:16","CP-NZU","11-Sep-23",354,70.5,354,24957,"","Y","Y","N","8-Sep-23","N"
21257,"7/09/2023 13:16","CP-NZU","11-Sep-23",106,70.25,106,7446.5,"","Y","Y","N","8-Sep-23","N"
21256,"7/09/2023 9:58","CP-NZU","11-Sep-23",1000,70.5,1000,70500,"Off Market Trade","Y","Y","N","8-Sep-23","N"
21245,"6/09/2023 17:24","CP-NZU","8-Sep-23",500,68,500,34000,"","N","Y","N","7-Sep-23","N"
21244,"6/09/2023 13:49","CP-NZU","8-Sep-23",20,71,20,1420,"","N","Y","N","7-Sep-23","N"
21241,"6/09/2023 9:48","CP-NZU","8-Sep-23",234,70,234,16380,"","N","Y","N","7-Sep-23","N"
21240,"6/09/2023 9:07","CP-NZU","8-Sep-23",400,70,400,28000,"","N","Y","N","7-Sep-23","N"
21239,"6/09/2023 8:50","CP-NZU","8-Sep-23",80,70,80,5600,"","N","Y","N","7-Sep-23","N"
21238,"6/09/2023 8:50","CP-NZU","8-Sep-23",100,70,100,7000,"","N","Y","N","7-Sep-23","N"
21237,"6/09/2023 8:32","CP-NZU","8-Sep-23",300,70,300,21000,"","N","Y","N","7-Sep-23","N"
21236,"5/09/2023 17:08","CP-NZU","7-Sep-23",517,70,517,36190,"","N","Y","N","6-Sep-23","N"
21235,"5/09/2023 16:49","CP-NZU","7-Sep-23",500,70,500,35000,"","N","Y","N","6-Sep-23","N"
21234,"5/09/2023 16:49","CP-NZU","7-Sep-23",100,70,100,7000,"","N","Y","N","6-Sep-23","N"
21233,"5/09/2023 16:49","CP-NZU","7-Sep-23",153,70,153,10710,"","N","Y","N","6-Sep-23","N"
21232,"5/09/2023 16:49","CP-NZU","7-Sep-23",27,70,27,1890,"","N","Y","N","6-Sep-23","N"
21231,"5/09/2023 16:49","CP-NZU","7-Sep-23",203,70,203,14210,"","N","Y","N","6-Sep-23","N"
21218,"5/09/2023 14:07","CP-NZU","7-Sep-23",8000,69.75,8000,558000,"Off Market Trade","Y","Y","N","6-Sep-23","N"
21206,"4/09/2023 14:48","CP-NZU","6-Sep-23",714,70,714,49980,"","N","Y","N","5-Sep-23","N"
21204,"4/09/2023 9:49","CP-NZU","6-Sep-23",63,70,63,4410,"","N","Y","N","5-Sep-23","N"
21203,"4/09/2023 9:49","CP-NZU","6-Sep-23",937,70,937,65590,"","N","Y","N","5-Sep-23","N"
21193,"1/09/2023 17:07","CP-NZU","5-Sep-23",1200,70,1200,84000,"","N","Y","N","4-Sep-23","N"
21177,"1/09/2023 11:48","CP-NZU","5-Sep-23",1163,70,1163,81410,"","N","Y","N","4-Sep-23","N"
21176,"1/09/2023 11:48","CP-NZU","5-Sep-23",2000,70,2000,140000,"","N","Y","N","4-Sep-23","N"
21175,"1/09/2023 11:48","CP-NZU","5-Sep-23",100,69.5,100,6950,"","N","Y","N","4-Sep-23","N"
21174,"1/09/2023 11:48","CP-NZU","5-Sep-23",1000,69.5,1000,69500,"","N","Y","N","4-Sep-23","N"
21173,"1/09/2023 11:48","CP-NZU","5-Sep-23",120,69.25,120,8310,"","N","Y","N","4-Sep-23","N"
21172,"1/09/2023 11:48","CP-NZU","5-Sep-23",150,69,150,10350,"","N","Y","N","4-Sep-23","N"
21171,"1/09/2023 11:48","CP-NZU","5-Sep-23",367,68.8,367,25249.6,"","N","Y","N","4-Sep-23","N"
21160,"1/09/2023 8:33","CP-NZU","5-Sep-23",500,67,500,33500,"","N","Y","N","4-Sep-23","N"
21152,"31/08/2023 14:09","CP-NZU","4-Sep-23",100,67.5,100,6750,"","N","Y","N","1-Sep-23","N"
21151,"31/08/2023 13:45","CP-NZU","4-Sep-23",100,66,100,6600,"","N","Y","N","1-Sep-23","N"
21147,"31/08/2023 12:53","CP-NZU","4-Sep-23",750,67.5,750,50625,"","N","Y","N","1-Sep-23","N"
21146,"31/08/2023 12:25","CP-NZU","4-Sep-23",550,67.5,550,37125,"","N","Y","N","1-Sep-23","N"
21126,"30/08/2023 15:06","CP-NZU","1-Sep-23",1449,67,1449,97083,"","N","Y","N","31-Aug-23","N"
21125,"30/08/2023 15:06","CP-NZU","1-Sep-23",980,67,980,65660,"","N","Y","N","31-Aug-23","N"
21124,"30/08/2023 15:06","CP-NZU","1-Sep-23",397,66.5,397,26400.5,"","N","Y","N","31-Aug-23","N"
21109,"30/08/2023 9:31","CP-NZU","1-Sep-23",177,66,177,11682,"","N","Y","N","31-Aug-23","N"
21105,"29/08/2023 15:01","CP-NZU","31-Aug-23",103,65,103,6695,"","N","Y","N","30-Aug-23","N"
21099,"29/08/2023 11:10","CP-NZU","31-Aug-23",200,66,200,13200,"","N","Y","N","30-Aug-23","N"
21098,"29/08/2023 11:10","CP-NZU","31-Aug-23",320,66,320,21120,"","N","Y","N","30-Aug-23","N"
21093,"28/08/2023 17:49","CP-NZU","30-Aug-23",680,66,680,44880,"","N","Y","N","29-Aug-23","N"
21092,"28/08/2023 17:44","CP-NZU","30-Aug-23",200,66,200,13200,"","N","Y","N","29-Aug-23","N"
21091,"28/08/2023 17:44","CP-NZU","30-Aug-23",120,66,120,7920,"","N","Y","N","29-Aug-23","N"
21090,"28/08/2023 17:42","CP-NZU","30-Aug-23",80,66.25,80,5300,"","N","Y","N","29-Aug-23","N"
21089,"28/08/2023 16:26","CP-NZU","30-Aug-23",1000,66.5,1000,66500,"","N","Y","N","29-Aug-23","N"
21088,"28/08/2023 16:20","CP-NZU","30-Aug-23",1000,66.25,1000,66250,"","N","Y","N","29-Aug-23","N"
21087,"28/08/2023 15:58","CP-NZU","30-Aug-23",100,66,100,6600,"","N","Y","N","29-Aug-23","N"
21086,"28/08/2023 15:58","CP-NZU","30-Aug-23",200,66,200,13200,"","N","Y","N","29-Aug-23","N"
21085,"28/08/2023 15:58","CP-NZU","30-Aug-23",720,66,720,47520,"","N","Y","N","29-Aug-23","N"
21084,"28/08/2023 15:58","CP-NZU","30-Aug-23",900,65.7,900,59130,"","N","Y","N","29-Aug-23","N"
21068,"28/08/2023 14:39","CP-NZU","30-Aug-23",100,65,100,6500,"","N","Y","N","29-Aug-23","N"
21065,"28/08/2023 13:16","CP-NZU","30-Aug-23",100,65,100,6500,"","N","Y","N","29-Aug-23","N"
21064,"28/08/2023 10:44","CP-NZU","30-Aug-23",100,65,100,6500,"","N","Y","N","29-Aug-23","N"
21063,"28/08/2023 10:44","CP-NZU","30-Aug-23",900,65,900,58500,"","N","Y","N","29-Aug-23","N"
21038,"28/08/2023 9:46","CP-NZU","30-Aug-23",100,65,100,6500,"","N","Y","N","29-Aug-23","N"
21037,"28/08/2023 8:35","CP-NZU","30-Aug-23",1000,65,1000,65000,"","N","Y","N","29-Aug-23","N"
21031,"25/08/2023 18:21","CP-NZU","29-Aug-23",10,66,10,660,"","N","Y","N","28-Aug-23","N"
21030,"25/08/2023 18:21","CP-NZU","29-Aug-23",20,66,20,1320,"","N","Y","N","28-Aug-23","N"
21029,"25/08/2023 18:21","CP-NZU","29-Aug-23",50,66,50,3300,"","N","Y","N","28-Aug-23","N"
21028,"25/08/2023 18:20","CP-NZU","29-Aug-23",200,66,200,13200,"","N","Y","N","28-Aug-23","N"
21024,"25/08/2023 15:26","CP-NZU","29-Aug-23",140,65.5,140,9170,"","N","Y","N","28-Aug-23","N"
21023,"25/08/2023 13:49","CP-NZU","29-Aug-23",1000,65,1000,65000,"","N","Y","N","28-Aug-23","N"
21019,"25/08/2023 8:51","CP-NZU","29-Aug-23",100,65,100,6500,"","N","Y","N","28-Aug-23","N"
21006,"23/08/2023 12:56","CP-NZU","25-Aug-23",173,66,173,11418,"","N","Y","N","24-Aug-23","N"
21005,"23/08/2023 12:56","CP-NZU","25-Aug-23",600,65,600,39000,"","N","Y","N","24-Aug-23","N"
21004,"23/08/2023 12:56","CP-NZU","25-Aug-23",100,65,100,6500,"","N","Y","N","24-Aug-23","N"
21003,"23/08/2023 12:56","CP-NZU","25-Aug-23",525,65,525,34125,"","N","Y","N","24-Aug-23","N"
21002,"23/08/2023 12:56","CP-NZU","25-Aug-23",100,65,100,6500,"","N","Y","N","24-Aug-23","N"
21001,"23/08/2023 12:56","CP-NZU","25-Aug-23",500,65,500,32500,"","N","Y","N","24-Aug-23","N"
21000,"23/08/2023 12:56","CP-NZU","25-Aug-23",2,65,2,130,"","N","Y","N","24-Aug-23","N"
20972,"22/08/2023 12:15","CP-NZU","24-Aug-23",198,65,198,12870,"","N","Y","N","23-Aug-23","N"
20971,"22/08/2023 12:15","CP-NZU","24-Aug-23",300,65,300,19500,"","N","Y","N","23-Aug-23","N"
20956,"22/08/2023 10:55","CP-NZU","24-Aug-23",217,64.7,217,14039.9,"","N","Y","N","23-Aug-23","N"
20955,"22/08/2023 9:59","CP-NZU","24-Aug-23",500,64.7,500,32350,"","N","Y","N","23-Aug-23","N"
20930,"21/08/2023 15:14","CP-NZU","23-Aug-23",475,64.5,475,30637.5,"","N","Y","N","22-Aug-23","N"
20929,"21/08/2023 15:14","CP-NZU","23-Aug-23",525,64.5,525,33862.5,"","N","Y","N","22-Aug-23","N"
20928,"21/08/2023 13:58","CP-NZU","23-Aug-23",85,64.55,85,5486.75,"","N","Y","N","22-Aug-23","N"
20927,"21/08/2023 13:43","CP-NZU","23-Aug-23",500,64.55,500,32275,"","N","Y","N","22-Aug-23","N"
20926,"21/08/2023 13:41","CP-NZU","23-Aug-23",1100,64.7,1100,71170,"","N","Y","N","22-Aug-23","N"
20925,"21/08/2023 13:35","CP-NZU","23-Aug-23",500,64.7,500,32350,"","N","Y","N","22-Aug-23","N"
20924,"21/08/2023 13:27","CP-NZU","23-Aug-23",1217,64.5,1217,78496.5,"","N","Y","N","22-Aug-23","N"
20923,"21/08/2023 13:03","CP-NZU","23-Aug-23",200,64,200,12800,"","N","Y","N","22-Aug-23","N"
20882,"19/08/2023 10:50","CP-NZU","22-Aug-23",144,63.5,144,9144,"","N","Y","N","21-Aug-23","N"
20879,"19/08/2023 8:57","CP-NZU","22-Aug-23",356,63.5,356,22606,"","N","Y","N","21-Aug-23","N"
20878,"18/08/2023 18:09","CP-NZU","22-Aug-23",130,64,130,8320,"","N","Y","N","21-Aug-23","N"
20854,"18/08/2023 11:44","CP-NZU","22-Aug-23",1000,64,1000,64000,"","Y","Y","N","21-Aug-23","N"
20853,"18/08/2023 10:28","CP-NZU","22-Aug-23",800,62,800,49600,"","N","Y","N","21-Aug-23","N"
20852,"18/08/2023 10:28","CP-NZU","22-Aug-23",20,61,20,1220,"","N","Y","N","21-Aug-23","N"
20848,"17/08/2023 16:36","CP-NZU","21-Aug-23",1000,61,1000,61000,"","N","Y","N","18-Aug-23","N"
20846,"17/08/2023 16:18","CP-NZU","21-Aug-23",500,61,500,30500,"","N","Y","N","18-Aug-23","N"
20838,"17/08/2023 15:53","CP-NZU","21-Aug-23",500,61,500,30500,"","N","Y","N","18-Aug-23","N"
20837,"17/08/2023 15:52","CP-NZU","21-Aug-23",500,60.75,500,30375,"","N","Y","N","18-Aug-23","N"
20821,"16/08/2023 12:15","CP-NZU","18-Aug-23",1000,61,1000,61000,"","N","Y","N","17-Aug-23","N"
20820,"16/08/2023 12:15","CP-NZU","18-Aug-23",100,61,100,6100,"","N","Y","N","17-Aug-23","N"
20819,"16/08/2023 12:15","CP-NZU","18-Aug-23",600,61,600,36600,"","N","Y","N","17-Aug-23","N"
20818,"16/08/2023 12:12","CP-NZU","18-Aug-23",100,60.75,100,6075,"","N","Y","N","17-Aug-23","N"
20817,"16/08/2023 12:12","CP-NZU","18-Aug-23",120,60.5,120,7260,"","N","Y","N","17-Aug-23","N"
20816,"16/08/2023 12:08","CP-NZU","18-Aug-23",869,60,869,52140,"","N","Y","N","17-Aug-23","N"
20815,"16/08/2023 10:35","CP-NZU","18-Aug-23",105,59.5,105,6247.5,"","N","Y","N","17-Aug-23","N"
20811,"16/08/2023 9:04","CP-NZU","18-Aug-23",430,60,430,25800,"","N","Y","N","17-Aug-23","N"
20810,"16/08/2023 9:04","CP-NZU","18-Aug-23",108,60,108,6480,"","N","Y","N","17-Aug-23","N"
20809,"15/08/2023 16:26","CP-NZU","17-Aug-23",153,60,153,9180,"","N","Y","N","16-Aug-23","N"
20770,"14/08/2023 15:48","CP-NZU","16-Aug-23",600,60,600,36000,"","N","Y","N","15-Aug-23","N"
20769,"14/08/2023 14:41","CP-NZU","16-Aug-23",812,60.25,812,48923,"","Y","Y","N","15-Aug-23","N"
20768,"14/08/2023 14:40","CP-NZU","16-Aug-23",5000,60,5000,3e+05,"","Y","Y","N","15-Aug-23","N"
20767,"14/08/2023 14:40","CP-NZU","16-Aug-23",100,60,100,6000,"","Y","Y","N","15-Aug-23","N"
20766,"14/08/2023 14:40","CP-NZU","16-Aug-23",400,60,400,24000,"","Y","Y","N","15-Aug-23","N"
20765,"14/08/2023 14:40","CP-NZU","16-Aug-23",1000,60,1000,60000,"","Y","Y","N","15-Aug-23","N"
20764,"14/08/2023 14:40","CP-NZU","16-Aug-23",34,60,34,2040,"","Y","Y","N","15-Aug-23","N"
20741,"11/08/2023 11:57","CP-NZU","15-Aug-23",1299,60,1299,77940,"Off Market Trade","N","Y","N","14-Aug-23","N"
20713,"11/08/2023 9:42","CP-NZU","15-Aug-23",166,60,166,9960,"","Y","Y","N","14-Aug-23","N"
20712,"11/08/2023 9:42","CP-NZU","15-Aug-23",500,60,500,30000,"","Y","Y","N","14-Aug-23","N"
20711,"11/08/2023 9:36","CP-NZU","15-Aug-23",19,58,19,1102,"","N","Y","N","14-Aug-23","N"
20651,"9/08/2023 10:47","CP-NZU","11-Aug-23",429,60,429,25740,"","N","Y","N","10-Aug-23","N"
20650,"9/08/2023 10:47","CP-NZU","11-Aug-23",100,60,100,6000,"","N","Y","N","10-Aug-23","N"
20647,"8/08/2023 16:40","CP-NZU","10-Aug-23",350,59,350,20650,"","N","Y","N","9-Aug-23","N"
20646,"8/08/2023 16:22","CP-NZU","10-Aug-23",500,58,500,29000,"","N","Y","N","9-Aug-23","N"
20645,"8/08/2023 14:34","CP-NZU","10-Aug-23",340,58,340,19720,"","N","Y","N","9-Aug-23","N"
20644,"8/08/2023 12:28","CP-NZU","10-Aug-23",200,58,200,11600,"","N","Y","N","9-Aug-23","N"
20633,"8/08/2023 9:36","CP-NZU","10-Aug-23",554,57,554,31578,"","N","Y","N","9-Aug-23","N"
20624,"7/08/2023 14:05","CP-NZU","9-Aug-23",200,57,200,11400,"","N","Y","N","8-Aug-23","N"
20623,"7/08/2023 13:40","CP-NZU","9-Aug-23",500,57.5,500,28750,"","N","Y","N","8-Aug-23","N"
20622,"7/08/2023 13:40","CP-NZU","9-Aug-23",103,56,103,5768,"","N","Y","N","8-Aug-23","N"
20585,"4/08/2023 8:57","CP-NZU","8-Aug-23",100,55,100,5500,"","N","Y","N","7-Aug-23","N"
20578,"3/08/2023 14:12","CP-NZU","7-Aug-23",101,55,101,5555,"","N","Y","N","4-Aug-23","N"
20559,"2/08/2023 15:11","CP-NZU","20-Sep-23",12070,58.4,12070,704888,"Off Market Trade","Y","Y","N","19-Sep-23","Y"
20558,"2/08/2023 14:52","CP-NZU","4-Aug-23",12070,57.5,12070,694025,"Off Market Trade","Y","Y","N","3-Aug-23","Y"
20557,"2/08/2023 13:10","CP-NZU","4-Aug-23",164,57.5,164,9430,"","N","Y","N","3-Aug-23","N"
20556,"2/08/2023 11:36","CP-NZU","4-Aug-23",103,56,103,5768,"","N","Y","N","3-Aug-23","N"
20460,"27/07/2023 12:45","CP-NZU","31-Jul-23",500,63,500,31500,"","N","Y","N","28-Jul-23","N"
20459,"27/07/2023 12:41","CP-NZU","31-Jul-23",500,63,500,31500,"","N","Y","N","28-Jul-23","N"
20458,"27/07/2023 11:53","CP-NZU","31-Jul-23",1600,64,1600,102400,"","N","Y","N","28-Jul-23","N"
20457,"27/07/2023 11:53","CP-NZU","31-Jul-23",1400,64,1400,89600,"","N","Y","N","28-Jul-23","N"
20456,"27/07/2023 11:30","CP-NZU","31-Jul-23",100,64,100,6400,"","N","Y","N","28-Jul-23","N"
20449,"27/07/2023 10:29","CP-NZU","31-Jul-23",4500,63.5,4500,285750,"Off Market Trade","Y","Y","N","28-Jul-23","N"
20446,"26/07/2023 16:57","CP-NZU","28-Jul-23",500,63.5,500,31750,"Off Market Trade","N","Y","N","27-Jul-23","N"
20444,"26/07/2023 16:30","CP-NZU","28-Jul-23",84,65,84,5460,"","N","Y","N","27-Jul-23","N"
20443,"26/07/2023 16:30","CP-NZU","28-Jul-23",150,65,150,9750,"","N","Y","N","27-Jul-23","N"
20442,"26/07/2023 16:30","CP-NZU","28-Jul-23",16,65,16,1040,"","N","Y","N","27-Jul-23","N"
20433,"26/07/2023 12:15","CP-NZU","28-Jul-23",500,63.5,500,31750,"","Y","Y","N","27-Jul-23","N"
20424,"26/07/2023 10:33","CP-NZU","28-Jul-23",550,65,550,35750,"","N","Y","N","27-Jul-23","N"
20419,"25/07/2023 17:07","CP-NZU","27-Jul-23",100,50,100,5000,"","N","Y","N","26-Jul-23","N"
20418,"25/07/2023 17:07","CP-NZU","27-Jul-23",1000,50,1000,50000,"","N","Y","N","26-Jul-23","N"
20361,"24/07/2023 9:59","CP-NZU","26-Jul-23",500,44,500,22000,"","N","Y","N","25-Jul-23","N"
20360,"24/07/2023 9:59","CP-NZU","26-Jul-23",100,44,100,4400,"","N","Y","N","25-Jul-23","N"
20359,"24/07/2023 9:59","CP-NZU","26-Jul-23",500,44,500,22000,"","N","Y","N","25-Jul-23","N"
20350,"24/07/2023 9:10","CP-NZU","26-Jul-23",200,44,200,8800,"","N","Y","N","25-Jul-23","N"
20349,"24/07/2023 8:59","CP-NZU","26-Jul-23",200,45,200,9000,"","N","Y","N","25-Jul-23","N"
20318,"21/07/2023 18:54","CP-NZU","25-Jul-23",320,45,320,14400,"","Y","Y","N","24-Jul-23","N"
20283,"20/07/2023 15:27","CP-NZU","24-Jul-23",200,48,200,9600,"","N","Y","N","21-Jul-23","N"
20282,"20/07/2023 15:27","CP-NZU","24-Jul-23",10,48,10,480,"","N","Y","N","21-Jul-23","N"
20260,"20/07/2023 10:43","CP-NZU","24-Jul-23",900,46,900,41400,"","N","Y","N","21-Jul-23","N"
20258,"20/07/2023 10:26","CP-NZU","24-Jul-23",1000,46,1000,46000,"","N","Y","N","21-Jul-23","N"
20257,"20/07/2023 10:26","CP-NZU","24-Jul-23",1000,46,1000,46000,"","N","Y","N","21-Jul-23","N"
20256,"20/07/2023 10:26","CP-NZU","24-Jul-23",100,46,100,4600,"","Y","Y","N","21-Jul-23","N"
20225,"18/07/2023 10:08","CP-NZU","20-Jul-23",1000,48,1000,48000,"","N","Y","N","19-Jul-23","N"
20211,"18/07/2023 8:35","CP-NZU","20-Jul-23",1000,47,1000,47000,"","Y","Y","N","19-Jul-23","N"
20210,"17/07/2023 17:17","CP-NZU","19-Jul-23",500,46,500,23000,"","Y","Y","N","18-Jul-23","N"
20206,"17/07/2023 14:13","CP-NZU","19-Jul-23",10000,47,10000,470000,"Off Market Trade","Y","Y","N","18-Jul-23","N"
20199,"17/07/2023 10:25","CP-NZU","19-Jul-23",90,40,90,3600,"","N","Y","N","18-Jul-23","N"
20197,"17/07/2023 9:43","CP-NZU","19-Jul-23",500,37,500,18500,"","N","Y","N","18-Jul-23","N"
20196,"16/07/2023 18:14","CP-NZU","18-Jul-23",10,34,10,340,"","N","Y","N","17-Jul-23","N"
20184,"16/07/2023 11:51","CP-NZU","18-Jul-23",50,34,50,1700,"","N","Y","N","17-Jul-23","N"
20155,"13/07/2023 14:57","CP-NZU","18-Jul-23",2500,38.5,2500,96250,"Off Market Trade","Y","Y","N","17-Jul-23","N"
20087,"10/07/2023 11:54","CP-NZU","12-Jul-23",100,39.8,100,3980,"","N","Y","N","11-Jul-23","N"
20017,"5/07/2023 14:55","CP-NZU","7-Jul-23",20,35,20,700,"","N","Y","N","6-Jul-23","N"
20016,"5/07/2023 12:49","CP-NZU","7-Jul-23",120,38,120,4560,"","N","Y","N","6-Jul-23","N"
19946,"30/06/2023 14:44","CP-NZU","4-Jul-23",1000,40.5,1000,40500,"Off Market Trade","N","Y","N","3-Jul-23","N"
19945,"30/06/2023 13:17","CP-NZU","4-Jul-23",1300,40,1300,52000,"","N","Y","N","3-Jul-23","N"
19941,"30/06/2023 8:36","CP-NZU","4-Jul-23",229,39.55,229,9056.95,"","Y","Y","N","3-Jul-23","N"
19932,"29/06/2023 15:14","CP-NZU","3-Jul-23",771,39.5,771,30454.5,"","Y","Y","N","30-Jun-23","N"
19931,"29/06/2023 15:14","CP-NZU","3-Jul-23",221,39.5,221,8729.5,"","N","Y","N","30-Jun-23","N"
19930,"29/06/2023 15:14","CP-NZU","3-Jul-23",8,42,8,336,"","N","Y","N","30-Jun-23","N"
19929,"29/06/2023 15:08","CP-NZU","3-Jul-23",2,42,2,84,"","N","Y","N","30-Jun-23","N"
19824,"20/06/2023 16:42","CP-NZU","22-Jun-23",679,50,679,33950,"","N","Y","N","21-Jun-23","N"
19823,"20/06/2023 16:42","CP-NZU","22-Jun-23",20,50,20,1000,"","N","Y","N","21-Jun-23","N"
19822,"20/06/2023 16:12","CP-NZU","22-Jun-23",2100,52,2100,109200,"Off Market Trade","Y","Y","N","21-Jun-23","N"
19811,"20/06/2023 9:40","CP-NZU","22-Jun-23",355,58,355,20590,"","N","Y","N","21-Jun-23","N"
19794,"19/06/2023 14:44","CP-NZU","21-Jun-23",2906,57.75,2906,167821.5,"","N","Y","N","20-Jun-23","N"
19793,"19/06/2023 14:44","CP-NZU","21-Jun-23",750,58,750,43500,"","N","Y","N","20-Jun-23","N"
19792,"19/06/2023 14:44","CP-NZU","21-Jun-23",250,58,250,14500,"","N","Y","N","20-Jun-23","N"
19748,"16/06/2023 13:19","CP-NZU","20-Jun-23",102,58,102,5916,"","N","Y","N","19-Jun-23","N"
19706,"14/06/2023 12:39","CP-NZU","16-Jun-23",500,60,500,30000,"","N","Y","N","15-Jun-23","N"
19705,"14/06/2023 12:05","CP-NZU","16-Jun-23",500,57,500,28500,"","N","Y","N","15-Jun-23","N"
19703,"13/06/2023 17:07","CP-NZU","15-Jun-23",94,56,94,5264,"","N","Y","N","14-Jun-23","N"
19702,"13/06/2023 17:07","CP-NZU","15-Jun-23",356,56,356,19936,"","N","Y","N","14-Jun-23","N"
19700,"13/06/2023 17:06","CP-NZU","15-Jun-23",43,55,43,2365,"","N","Y","N","14-Jun-23","N"
19699,"13/06/2023 17:06","CP-NZU","15-Jun-23",101,55,101,5555,"","N","Y","N","14-Jun-23","N"
19672,"12/06/2023 14:40","CP-NZU","14-Jun-23",1600,56,1600,89600,"Off Market Trade","Y","Y","N","13-Jun-23","N"
19671,"12/06/2023 14:39","CP-NZU","14-Jun-23",725,56,725,40600,"Off Market Trade","Y","Y","N","13-Jun-23","N"
19670,"12/06/2023 14:33","CP-NZU","14-Jun-23",500,56,500,28000,"","Y","Y","N","13-Jun-23","N"
19668,"12/06/2023 13:46","CP-NZU","14-Jun-23",180,56,180,10080,"","Y","Y","N","13-Jun-23","N"
19667,"12/06/2023 10:50","CP-NZU","14-Jun-23",469,56,469,26264,"","Y","Y","N","13-Jun-23","N"
19666,"12/06/2023 10:50","CP-NZU","14-Jun-23",31,56,31,1736,"","N","Y","N","13-Jun-23","N"
19604,"8/06/2023 16:24","CP-NZU","12-Jun-23",250,56.25,250,14062.5,"","Y","Y","N","9-Jun-23","N"
19603,"8/06/2023 15:21","CP-NZU","12-Jun-23",850,56,850,47600,"Off Market Trade","N","Y","N","9-Jun-23","N"
19601,"8/06/2023 13:41","CP-NZU","12-Jun-23",2000,56.25,2000,112500,"Off Market Trade","Y","Y","N","9-Jun-23","N"
19595,"8/06/2023 11:19","CP-NZU","12-Jun-23",550,55,550,30250,"","N","Y","N","9-Jun-23","N"
19593,"8/06/2023 11:10","CP-NZU","12-Jun-23",100,55,100,5500,"","N","Y","N","9-Jun-23","N"
19575,"7/06/2023 9:45","CP-NZU","9-Jun-23",100,55,100,5500,"","N","Y","N","8-Jun-23","N"
19571,"6/06/2023 15:17","CP-NZU","8-Jun-23",132,55,132,7260,"","N","Y","N","7-Jun-23","N"
19570,"6/06/2023 12:48","CP-NZU","8-Jun-23",268,54,268,14472,"","N","Y","N","7-Jun-23","N"
19569,"6/06/2023 12:06","CP-NZU","8-Jun-23",1000,54,1000,54000,"","N","Y","N","7-Jun-23","N"
19546,"2/06/2023 16:39","CP-NZU","7-Jun-23",100,55,100,5500,"","N","Y","N","6-Jun-23","N"
19544,"2/06/2023 14:16","CP-NZU","7-Jun-23",500,54.25,500,27125,"","N","Y","N","6-Jun-23","N"
19535,"1/06/2023 19:41","CP-NZU","6-Jun-23",400,54,400,21600,"","N","Y","N","2-Jun-23","N"
19532,"1/06/2023 15:40","CP-NZU","6-Jun-23",400,53,400,21200,"","N","Y","N","2-Jun-23","N"
19506,"30/05/2023 9:37","CP-NZU","1-Jun-23",115,54,115,6210,"","N","Y","N","31-May-23","N"
19505,"30/05/2023 9:04","CP-NZU","1-Jun-23",100,53,100,5300,"","N","Y","N","31-May-23","N"
19449,"25/05/2023 9:36","CP-NZU","29-May-23",500,53,500,26500,"","N","Y","N","26-May-23","N"
19448,"24/05/2023 15:16","CP-NZU","26-May-23",20000,53.5,20000,1070000,"Off Market Trade","Y","Y","N","25-May-23","N"
19424,"22/05/2023 17:29","CP-NZU","24-May-23",290,53,290,15370,"","N","Y","N","23-May-23","N"
19422,"22/05/2023 16:34","CP-NZU","24-May-23",35,52,35,1820,"","N","Y","N","23-May-23","N"
19385,"19/05/2023 13:34","CP-NZU","23-May-23",1000,52.25,1000,52250,"","N","Y","N","22-May-23","N"
19352,"18/05/2023 9:31","CP-NZU","22-May-23",250,50.5,250,12625,"","N","Y","N","19-May-23","N"
19351,"18/05/2023 8:00","CP-NZU","22-May-23",500,50.5,500,25250,"","N","Y","N","19-May-23","N"
19338,"17/05/2023 9:33","CP-NZU","19-May-23",230,50.3,230,11569,"","Y","Y","N","18-May-23","N"
19337,"17/05/2023 8:59","CP-NZU","19-May-23",700,50.5,700,35350,"","Y","Y","N","18-May-23","N"
19330,"16/05/2023 13:10","CP-NZU","18-May-23",400,51,400,20400,"","Y","Y","N","17-May-23","N"
19315,"16/05/2023 10:25","CP-NZU","18-May-23",10,50.5,10,505,"","N","Y","N","17-May-23","N"
19303,"16/05/2023 8:41","CP-NZU","18-May-23",26,50.15,26,1303.9,"","N","Y","N","17-May-23","N"
19302,"16/05/2023 8:00","CP-NZU","18-May-23",200,50.15,200,10030,"","Y","Y","N","17-May-23","N"
19301,"15/05/2023 17:14","CP-NZU","17-May-23",10000,51.5,10000,515000,"Off Market Trade","Y","Y","N","16-May-23","N"
19259,"12/05/2023 15:28","CP-NZU","16-May-23",808,51,808,41208,"","Y","Y","N","15-May-23","N"
19249,"12/05/2023 10:25","CP-NZU","16-May-23",690,50,690,34500,"","N","Y","N","15-May-23","N"
19231,"11/05/2023 13:57","CP-NZU","15-May-23",10,50,10,500,"","N","Y","N","12-May-23","N"
19216,"11/05/2023 9:45","CP-NZU","15-May-23",400,54,400,21600,"","N","Y","N","12-May-23","N"
19215,"11/05/2023 9:45","CP-NZU","15-May-23",30,51,30,1530,"","N","Y","N","12-May-23","N"
19214,"11/05/2023 9:44","CP-NZU","15-May-23",500,50,500,25000,"","N","Y","N","12-May-23","N"
19213,"11/05/2023 9:44","CP-NZU","15-May-23",1000,50,1000,50000,"","N","Y","N","12-May-23","N"
19199,"8/05/2023 15:17","CP-NZU","10-May-23",5,51,5,255,"","N","Y","N","9-May-23","N"
19186,"5/05/2023 14:41","CP-NZU","9-May-23",10,51,10,510,"","N","Y","N","8-May-23","N"
19185,"5/05/2023 14:41","CP-NZU","9-May-23",250,51,250,12750,"","N","Y","N","8-May-23","N"
19180,"5/05/2023 11:30","CP-NZU","9-May-23",1000,50,1000,50000,"","N","Y","N","8-May-23","N"
19175,"4/05/2023 18:52","CP-NZU","8-May-23",95,50,95,4750,"","N","Y","N","5-May-23","N"
19154,"4/05/2023 9:36","CP-NZU","8-May-23",10,50.5,10,505,"","N","Y","N","5-May-23","N"
19153,"4/05/2023 8:53","CP-NZU","8-May-23",10,51,10,510,"","N","Y","N","5-May-23","N"
19152,"4/05/2023 8:05","CP-NZU","8-May-23",10,54,10,540,"","N","Y","N","5-May-23","N"
19138,"3/05/2023 9:54","CP-NZU","5-May-23",250,53.5,250,13375,"","N","Y","N","4-May-23","N"
19127,"2/05/2023 10:28","CP-NZU","4-May-23",63,53.5,63,3370.5,"","N","Y","N","3-May-23","N"
19125,"2/05/2023 10:17","CP-NZU","4-May-23",2000,53.5,2000,107000,"","N","Y","N","3-May-23","N"
19119,"2/05/2023 8:53","CP-NZU","4-May-23",1,54,1,54,"","N","Y","N","3-May-23","N"
19118,"2/05/2023 8:31","CP-NZU","4-May-23",375,53.05,375,19893.75,"","N","Y","N","3-May-23","N"
19079,"26/04/2023 17:54","CP-NZU","28-Apr-23",1,61,1,61,"","N","Y","N","27-Apr-23","N"
19057,"24/04/2023 17:09","CP-NZU","27-Apr-23",1,61,1,61,"","N","Y","N","26-Apr-23","N"
19039,"22/04/2023 8:42","CP-NZU","26-Apr-23",925,61.25,925,56656.25,"","N","Y","N","24-Apr-23","N"
19038,"21/04/2023 14:19","CP-NZU","26-Apr-23",200,60.5,200,12100,"","Y","Y","N","24-Apr-23","N"
19037,"21/04/2023 13:21","CP-NZU","26-Apr-23",500,60.5,500,30250,"","N","Y","N","24-Apr-23","N"
19029,"20/04/2023 13:43","CP-NZU","24-Apr-23",10000,59.5,10000,595000,"Off Market Trade","N","Y","N","21-Apr-23","N"
19011,"19/04/2023 17:47","CP-NZU","21-Apr-23",30,58,30,1740,"","N","Y","N","20-Apr-23","N"
19006,"19/04/2023 14:31","CP-NZU","21-Apr-23",932,59.5,932,55454,"","N","Y","N","20-Apr-23","N"
18985,"18/04/2023 12:09","CP-NZU","20-Apr-23",1,61.75,1,61.75,"","N","Y","N","19-Apr-23","N"
18953,"14/04/2023 11:54","CP-NZU","18-Apr-23",1,65,1,65,"","N","Y","N","17-Apr-23","N"
18900,"11/04/2023 16:07","CP-NZU","13-Apr-23",539,57,539,30723,"","N","Y","N","12-Apr-23","N"
18840,"4/04/2023 17:15","CP-NZU","6-Apr-23",1100,55.45,1100,60995,"Off Market Trade","Y","Y","N","5-Apr-23","N"
18838,"4/04/2023 16:37","CP-NZU","6-Apr-23",1000,55.5,1000,55500,"","N","Y","N","5-Apr-23","N"
18836,"4/04/2023 14:45","CP-NZU","6-Apr-23",2213,55.5,2213,122821.5,"","N","Y","N","5-Apr-23","N"
18835,"4/04/2023 14:45","CP-NZU","6-Apr-23",82,55,82,4510,"","N","Y","N","5-Apr-23","N"
18834,"4/04/2023 14:45","CP-NZU","6-Apr-23",142,55,142,7810,"","N","Y","N","5-Apr-23","N"
18833,"4/04/2023 14:45","CP-NZU","6-Apr-23",100,54,100,5400,"","N","Y","N","5-Apr-23","N"
18827,"4/04/2023 10:00","CP-NZU","6-Apr-23",2500,52,2500,130000,"","N","Y","N","5-Apr-23","N"
18815,"3/04/2023 14:27","CP-NZU","5-Apr-23",804,51,804,41004,"","N","Y","N","4-Apr-23","N"
18814,"3/04/2023 14:27","CP-NZU","5-Apr-23",46,51,46,2346,"","N","Y","N","4-Apr-23","N"
18813,"3/04/2023 14:25","CP-NZU","5-Apr-23",1613,50,1613,80650,"","N","Y","N","4-Apr-23","N"
18799,"3/04/2023 11:03","CP-NZU","5-Apr-23",20,48,20,960,"","N","Y","N","4-Apr-23","N"
18796,"3/04/2023 10:50","CP-NZU","5-Apr-23",50,50,50,2500,"","N","Y","N","4-Apr-23","N"
18771,"31/03/2023 13:16","CP-NZU","4-Apr-23",2000,52,2000,104000,"","Y","Y","N","3-Apr-23","N"
18770,"31/03/2023 12:50","CP-NZU","4-Apr-23",1000,55,1000,55000,"","N","Y","N","3-Apr-23","N"
18762,"31/03/2023 10:31","CP-NZU","4-Apr-23",500,55,500,27500,"","N","Y","N","3-Apr-23","N"
18761,"31/03/2023 10:22","CP-NZU","4-Apr-23",2000,55,2000,110000,"Off Market Trade","Y","Y","N","3-Apr-23","N"
18743,"30/03/2023 16:51","CP-NZU","11-Apr-23",4000,56,4000,224000,"Off Market Trade","Y","Y","N","6-Apr-23","N"
18738,"30/03/2023 14:25","CP-NZU","11-Apr-23",4000,58,4000,232000,"Off Market Trade","Y","Y","N","6-Apr-23","N"
18737,"30/03/2023 14:09","CP-NZU","3-Apr-23",1500,57,1500,85500,"","Y","Y","N","31-Mar-23","N"
18725,"29/03/2023 16:12","CP-NZU","11-Apr-23",2000,58,2000,116000,"Off Market Trade","Y","Y","N","6-Apr-23","N"
18724,"29/03/2023 15:41","CP-NZU","31-Mar-23",30,58,30,1740,"","N","Y","N","30-Mar-23","N"
18699,"28/03/2023 15:06","CP-NZU","11-Apr-23",2000,61,2000,122000,"Off Market Trade","Y","Y","N","6-Apr-23","N"
18676,"27/03/2023 14:02","CP-NZU","29-Mar-23",834,62,834,51708,"","Y","Y","N","28-Mar-23","N"
18675,"27/03/2023 14:02","CP-NZU","29-Mar-23",500,62,500,31000,"","Y","Y","N","28-Mar-23","N"
18674,"27/03/2023 14:02","CP-NZU","29-Mar-23",666,62,666,41292,"","Y","Y","N","28-Mar-23","N"
18663,"27/03/2023 8:53","CP-NZU","29-Mar-23",1000,62,1000,62000,"","N","Y","N","28-Mar-23","N"
18647,"25/03/2023 12:09","CP-NZU","28-Mar-23",500,62,500,31000,"","N","Y","N","27-Mar-23","N"
18646,"25/03/2023 11:11","CP-NZU","28-Mar-23",500,62,500,31000,"","N","Y","N","27-Mar-23","N"
18627,"24/03/2023 12:44","CP-NZU","11-Apr-23",11562,62,11562,716844,"Off Market Trade","Y","Y","N","6-Apr-23","N"
18626,"24/03/2023 11:52","CP-NZU","28-Mar-23",1000,62,1000,62000,"","Y","Y","N","27-Mar-23","N"
18625,"24/03/2023 11:11","CP-NZU","28-Mar-23",1000,62.5,1000,62500,"","Y","Y","N","27-Mar-23","N"
18624,"24/03/2023 10:57","CP-NZU","28-Mar-23",1000,64,1000,64000,"","Y","Y","N","27-Mar-23","N"
18610,"23/03/2023 15:16","CP-NZU","27-Mar-23",500,65,500,32500,"","N","Y","N","24-Mar-23","N"
18607,"23/03/2023 12:32","CP-NZU","27-Mar-23",400,65,400,26000,"","Y","Y","N","24-Mar-23","N"
18606,"23/03/2023 12:32","CP-NZU","27-Mar-23",411,65,411,26715,"","Y","Y","N","24-Mar-23","N"
18604,"23/03/2023 12:10","CP-NZU","27-Mar-23",83,65,83,5395,"","N","Y","N","24-Mar-23","N"
18603,"23/03/2023 10:30","CP-NZU","27-Mar-23",227,65,227,14755,"","N","Y","N","24-Mar-23","N"
18600,"22/03/2023 19:58","CP-NZU","24-Mar-23",280,65,280,18200,"","N","Y","N","23-Mar-23","N"
18594,"22/03/2023 11:30","CP-NZU","24-Mar-23",1,65,1,65,"","N","Y","N","23-Mar-23","N"
18580,"21/03/2023 16:22","CP-NZU","23-Mar-23",400,65,400,26000,"","N","Y","N","22-Mar-23","N"
18564,"21/03/2023 12:17","CP-NZU","23-Mar-23",400,65.25,400,26100,"","N","Y","N","22-Mar-23","N"
18563,"21/03/2023 12:08","CP-NZU","23-Mar-23",400,65,400,26000,"","N","Y","N","22-Mar-23","N"
18561,"21/03/2023 11:50","CP-NZU","23-Mar-23",210,65,210,13650,"","Y","Y","N","22-Mar-23","N"
18560,"21/03/2023 10:40","CP-NZU","23-Mar-23",950,64,950,60800,"","N","Y","N","22-Mar-23","N"
18559,"21/03/2023 10:40","CP-NZU","23-Mar-23",50,65,50,3250,"","N","Y","N","22-Mar-23","N"
18490,"15/03/2023 12:30","CP-NZU","17-Mar-23",200,73,200,14600,"","N","Y","N","16-Mar-23","N"
18489,"15/03/2023 12:24","CP-NZU","17-Mar-23",500,67,500,33500,"","N","Y","N","16-Mar-23","N"
18461,"13/03/2023 15:40","CP-NZU","15-Mar-23",500,66.5,500,33250,"","N","Y","N","14-Mar-23","N"
18460,"13/03/2023 15:35","CP-NZU","15-Mar-23",1000,66.5,1000,66500,"","Y","Y","N","14-Mar-23","N"
18459,"13/03/2023 14:31","CP-NZU","15-Mar-23",800,66.5,800,53200,"","N","Y","N","14-Mar-23","N"
18457,"13/03/2023 14:07","CP-NZU","15-Mar-23",200,66.25,200,13250,"","N","Y","N","14-Mar-23","N"
18421,"10/03/2023 15:50","CP-NZU","14-Mar-23",1000,66,1000,66000,"","N","Y","N","13-Mar-23","N"
18420,"10/03/2023 15:13","CP-NZU","14-Mar-23",1000,65.75,1000,65750,"Off Market Trade","Y","Y","N","13-Mar-23","N"
18411,"9/03/2023 15:55","CP-NZU","13-Mar-23",5000,66.25,5000,331250,"Off Market Trade","Y","Y","N","10-Mar-23","N"
18410,"9/03/2023 14:34","CP-NZU","13-Mar-23",400,66,400,26400,"","N","Y","N","10-Mar-23","N"
18409,"9/03/2023 14:34","CP-NZU","13-Mar-23",1310,66,1310,86460,"","N","Y","N","10-Mar-23","N"
18408,"9/03/2023 14:34","CP-NZU","13-Mar-23",100,66,100,6600,"","N","Y","N","10-Mar-23","N"
18397,"9/03/2023 8:00","CP-NZU","13-Mar-23",800,66,800,52800,"","N","Y","N","10-Mar-23","N"
18396,"8/03/2023 17:36","CP-NZU","10-Mar-23",4200,65.65,4200,275730,"Off Market Trade","Y","Y","N","9-Mar-23","N"
18334,"2/03/2023 17:04","CP-NZU","6-Mar-23",3390,66,3390,223740,"Off Market Trade","Y","Y","N","3-Mar-23","N"
18332,"2/03/2023 16:49","CP-NZU","6-Mar-23",2000,66.5,2000,133000,"","N","Y","N","3-Mar-23","N"
18325,"1/03/2023 18:19","CP-NZU","3-Mar-23",786,65,786,51090,"","N","Y","N","2-Mar-23","N"
18324,"1/03/2023 17:18","CP-NZU","3-Mar-23",1000,65.5,1000,65500,"","Y","Y","N","2-Mar-23","N"
18315,"28/02/2023 17:13","CP-NZU","2-Mar-23",1000,66,1000,66000,"","Y","Y","N","1-Mar-23","N"
18312,"28/02/2023 14:10","CP-NZU","2-Mar-23",28,67,28,1876,"","Y","Y","N","1-Mar-23","N"
18304,"28/02/2023 11:12","CP-NZU","2-Mar-23",790,65,790,51350,"","N","Y","N","1-Mar-23","N"
18303,"27/02/2023 11:19","CP-NZU","1-Mar-23",3000,66.5,3000,199500,"","N","Y","N","28-Feb-23","N"
18269,"24/02/2023 17:01","CP-NZU","28-Feb-23",295,67.5,295,19912.5,"","N","Y","N","27-Feb-23","N"
18268,"24/02/2023 16:48","CP-NZU","28-Feb-23",728,67,728,48776,"","N","Y","N","27-Feb-23","N"
18266,"24/02/2023 11:05","CP-NZU","28-Feb-23",563,65,563,36595,"","N","Y","N","27-Feb-23","N"
18240,"22/02/2023 16:59","CP-NZU","24-Feb-23",5000,67,5000,335000,"","N","Y","N","23-Feb-23","N"
18127,"17/02/2023 13:50","CP-NZU","21-Feb-23",1000,70.1,1000,70100,"","N","Y","N","20-Feb-23","N"
18122,"16/02/2023 14:54","CP-NZU","20-Feb-23",1000,71,1000,71000,"","Y","Y","N","17-Feb-23","N"
18118,"16/02/2023 10:10","CP-NZU","20-Feb-23",2869,71.2,2869,204272.8,"Off Market Trade","Y","Y","N","17-Feb-23","N"
18115,"15/02/2023 13:20","CP-NZU","17-Feb-23",1000,71,1000,71000,"","N","Y","N","16-Feb-23","N"
18114,"15/02/2023 13:20","CP-NZU","17-Feb-23",1165,71,1165,82715,"","N","Y","N","16-Feb-23","N"
18113,"15/02/2023 10:37","CP-NZU","17-Feb-23",1000,71,1000,71000,"","N","Y","N","16-Feb-23","N"
18104,"14/02/2023 17:34","CP-NZU","16-Feb-23",165,71.2,165,11748,"","Y","Y","N","15-Feb-23","N"
18103,"14/02/2023 16:47","CP-NZU","16-Feb-23",130,71.2,130,9256,"","N","Y","N","15-Feb-23","N"
18087,"13/02/2023 16:20","CP-NZU","15-Feb-23",500,71.2,500,35600,"","Y","Y","N","14-Feb-23","N"
18086,"13/02/2023 15:49","CP-NZU","15-Feb-23",150,71.1,150,10665,"","Y","Y","N","14-Feb-23","N"
18080,"13/02/2023 12:44","CP-NZU","15-Feb-23",800,71,800,56800,"","N","Y","N","14-Feb-23","N"
18023,"9/02/2023 9:47","CP-NZU","13-Feb-23",741,71,741,52611,"","N","Y","N","10-Feb-23","N"
18011,"8/02/2023 14:20","CP-NZU","10-Feb-23",30,71,30,2130,"","N","Y","N","9-Feb-23","N"
18010,"8/02/2023 12:02","CP-NZU","10-Feb-23",877,71.4,877,62617.8,"Off Market Trade","Y","Y","N","9-Feb-23","N"
17558,"30/01/2023 22:03","CP-NZU","2-Feb-23",2400,71.75,2400,172200,"Off Market Trade","Y","Y","N","1-Feb-23","N"
16878,"11/01/2023 15:38","CP-NZU (F)","Mar-23",4000,73.5,4000,294000,"Off Market Trade","Y","Y","N","3-Apr-23","N"
16877,"11/01/2023 12:19","CP-NZU (F)","Mar-23",5000,73.5,5000,367500,"Off Market Trade","Y","Y","N","3-Apr-23","N"
16820,"5/01/2023 16:05","CP-NZU","16-Jan-23",50,75.7,50,3785,"Off Market Trade","Y","Y","N","10-Jan-23","N"
16819,"5/01/2023 15:59","CP-NZU","16-Jan-23",1500,75.7,1500,113550,"Off Market Trade","Y","Y","N","10-Jan-23","N"
16818,"5/01/2023 15:57","CP-NZU","16-Jan-23",500,76,500,38000,"","Y","Y","N","10-Jan-23","N"
16809,"4/01/2023 10:17","CP-NZU","16-Jan-23",500,76.5,500,38250,"","Y","Y","N","10-Jan-23","N"
16720,"28/12/2022 10:15","CP-NZU","16-Jan-23",306,77.5,306,23715,"","Y","Y","N","10-Jan-23","N"
16617,"23/12/2022 15:34","CP-NZU (F)","Mar-23",10000,76,10000,760000,"Off Market Trade","Y","Y","N","3-Apr-23","N"
16616,"23/12/2022 14:27","CP-NZU (F)","Mar-23",1000,77,1000,77000,"Off Market Trade","Y","Y","N","3-Apr-23","N"
16544,"19/12/2022 11:37","CP-NZU","9-Jan-23",205,77,205,15785,"","N","Y","N","20-Dec-22","N"
16517,"16/12/2022 13:59","CP-NZU","23-Dec-22",500,77.5,500,38750,"","N","Y","N","19-Dec-22","N"
16503,"15/12/2022 16:36","CP-NZU","22-Dec-22",500,85.5,500,42750,"","Y","Y","N","16-Dec-22","N"
16492,"15/12/2022 9:42","CP-NZU","22-Dec-22",60,84.4,60,5064,"","Y","Y","N","16-Dec-22","N"
16490,"15/12/2022 9:17","CP-NZU","22-Dec-22",60,84.2,60,5052,"","Y","Y","N","16-Dec-22","N"
16489,"15/12/2022 8:57","CP-NZU","22-Dec-22",450,84.1,450,37845,"","Y","Y","N","16-Dec-22","N"
16488,"15/12/2022 8:12","CP-NZU","22-Dec-22",950,83.5,950,79325,"","N","Y","N","16-Dec-22","N"
16487,"15/12/2022 8:01","CP-NZU","22-Dec-22",550,83.5,550,45925,"","N","Y","N","16-Dec-22","N"
16486,"14/12/2022 17:18","CP-NZU","21-Dec-22",148,83.2,148,12313.6,"","Y","Y","N","15-Dec-22","N"
16475,"14/12/2022 10:35","CP-NZU","21-Dec-22",350,82.5,350,28875,"","Y","Y","N","15-Dec-22","N"
16474,"14/12/2022 10:35","CP-NZU","21-Dec-22",350,82.5,350,28875,"","Y","Y","N","15-Dec-22","N"
16473,"14/12/2022 10:34","CP-NZU","21-Dec-22",400,82.5,400,33000,"","N","Y","N","15-Dec-22","N"
16471,"14/12/2022 10:32","CP-NZU","21-Dec-22",699,83,699,58017,"Off Market Trade","Y","Y","N","15-Dec-22","N"
16414,"9/12/2022 9:51","CP-NZU","16-Dec-22",2000,83,2000,166000,"","Y","Y","N","12-Dec-22","N"
16413,"9/12/2022 8:49","CP-NZU","16-Dec-22",200,82.5,200,16500,"","N","Y","N","12-Dec-22","N"
16410,"8/12/2022 13:04","CP-NZU","15-Dec-22",1450,82.5,1450,119625,"Off Market Trade","Y","Y","N","9-Dec-22","N"
16377,"6/12/2022 16:58","CP-NZU","13-Dec-22",1000,82,1000,82000,"","N","Y","N","7-Dec-22","N"
16313,"1/12/2022 14:20","CP-NZU","8-Dec-22",1100,83.9,1100,92290,"Off Market Trade","Y","Y","N","2-Dec-22","N"
16312,"1/12/2022 14:01","CP-NZU","8-Dec-22",2500,83.5,2500,208750,"","N","Y","N","2-Dec-22","N"
16310,"30/11/2022 13:50","CP-NZU","7-Dec-22",416,84,416,34944,"","N","Y","N","1-Dec-22","N"
16309,"30/11/2022 13:50","CP-NZU","7-Dec-22",2500,84,2500,210000,"","N","Y","N","1-Dec-22","N"
16308,"30/11/2022 12:50","CP-NZU","7-Dec-22",5000,84.25,5000,421250,"Off Market Trade","Y","Y","N","1-Dec-22","N"
16307,"30/11/2022 12:46","CP-NZU","7-Dec-22",1317,84.25,1317,110957.25,"Off Market Trade","Y","Y","N","1-Dec-22","N"
16304,"30/11/2022 9:29","CP-NZU","7-Dec-22",900,84.15,900,75735,"","N","Y","N","1-Dec-22","N"
16302,"29/11/2022 15:06","CP-NZU","6-Dec-22",5000,85,5000,425000,"","N","Y","N","30-Nov-22","N"
16301,"29/11/2022 15:06","CP-NZU","6-Dec-22",5000,85,5000,425000,"","N","Y","N","30-Nov-22","N"
16297,"29/11/2022 13:47","CP-NZU","6-Dec-22",10000,85.8,10000,858000,"Off Market Trade","Y","Y","N","30-Nov-22","N"
16296,"29/11/2022 13:39","CP-NZU","6-Dec-22",2500,85.8,2500,214500,"","N","Y","N","30-Nov-22","N"
16269,"25/11/2022 15:24","CP-NZU","2-Dec-22",480,86,480,41280,"","N","Y","N","28-Nov-22","N"
16268,"25/11/2022 15:23","CP-NZU","2-Dec-22",1203,86,1203,103458,"","N","Y","N","28-Nov-22","N"
16267,"25/11/2022 12:16","CP-NZU","2-Dec-22",2500,86.4,2500,216000,"","N","Y","N","28-Nov-22","N"
16266,"25/11/2022 12:16","CP-NZU","2-Dec-22",1500,86.5,1500,129750,"","N","Y","N","28-Nov-22","N"
16246,"24/11/2022 13:27","CP-NZU","1-Dec-22",500,86.5,500,43250,"","N","Y","N","25-Nov-22","N"
16245,"24/11/2022 13:27","CP-NZU","1-Dec-22",2500,86.8,2500,217000,"","N","Y","N","25-Nov-22","N"
16244,"24/11/2022 12:37","CP-NZU","1-Dec-22",2000,87.3,2000,174600,"","N","Y","N","25-Nov-22","N"
16200,"22/11/2022 12:26","CP-NZU","29-Nov-22",2000,88.1,2000,176200,"","N","Y","N","23-Nov-22","N"
16157,"18/11/2022 15:35","CP-NZU","25-Nov-22",2500,88.25,2500,220625,"","N","Y","N","21-Nov-22","N"
16135,"17/11/2022 16:51","CP-NZU","24-Nov-22",130,88.5,130,11505,"","N","Y","N","18-Nov-22","N"
16134,"17/11/2022 16:51","CP-NZU","24-Nov-22",1000,88.4,1000,88400,"","N","Y","N","18-Nov-22","N"
16133,"17/11/2022 16:51","CP-NZU","24-Nov-22",575,88.39,575,50824.25,"","Y","Y","N","18-Nov-22","N"
16099,"14/11/2022 16:41","CP-NZU","21-Nov-22",100,87.9,100,8790,"","Y","Y","N","15-Nov-22","N"
16098,"14/11/2022 16:41","CP-NZU","21-Nov-22",180,87.9,180,15822,"","Y","Y","N","15-Nov-22","N"
16076,"11/11/2022 16:39","CP-NZU","18-Nov-22",550,87.8,550,48290,"Off Market Trade","Y","Y","N","14-Nov-22","N"
16075,"11/11/2022 16:39","CP-NZU","18-Nov-22",950,87.8,950,83410,"Off Market Trade","Y","Y","N","14-Nov-22","N"
16045,"10/11/2022 14:47","CP-NZU","17-Nov-22",268,87.75,268,23517,"","N","Y","N","11-Nov-22","N"
16042,"10/11/2022 13:56","CP-NZU","17-Nov-22",1000,88.4,1000,88400,"","N","Y","N","11-Nov-22","N"
16041,"10/11/2022 13:56","CP-NZU","17-Nov-22",1000,88,1000,88000,"","N","Y","N","11-Nov-22","N"
16030,"10/11/2022 8:05","CP-NZU","17-Nov-22",20,87,20,1740,"","N","Y","N","11-Nov-22","N"
16029,"9/11/2022 16:43","CP-NZU","16-Nov-22",445,87.7,445,39026.5,"","N","Y","N","10-Nov-22","N"
16028,"9/11/2022 15:26","CP-NZU","16-Nov-22",1100,87.3,1100,96030,"","N","Y","N","10-Nov-22","N"
16022,"9/11/2022 11:24","CP-NZU","16-Nov-22",2500,86.5,2500,216250,"","N","Y","N","10-Nov-22","N"
16001,"7/11/2022 17:23","CP-NZU (F)","Apr-23",5000,89,5000,445000,"","N","Y","N","1-May-23","N"
16000,"7/11/2022 17:15","CP-NZU","14-Nov-22",312,85.25,312,26598,"Off Market Trade","N","N","N","8-Nov-22","N"
15997,"7/11/2022 14:23","CP-NZU","14-Nov-22",312,85.25,312,26598,"","N","Y","Y","8-Nov-22","N"
15969,"4/11/2022 9:27","CP-NZU","11-Nov-22",544,84.75,544,46104,"","N","Y","N","7-Nov-22","N"
15963,"3/11/2022 14:28","CP-NZU","10-Nov-22",200,83,200,16600,"","N","Y","N","4-Nov-22","N"
15913,"28/10/2022 14:19","CP-NZU (F)","Mar-23",1000,85,1000,85000,"","N","Y","N","3-Apr-23","N"
15912,"28/10/2022 13:38","CP-NZU","4-Nov-22",250,82.6,250,20650,"","N","Y","N","31-Oct-22","N"
15911,"28/10/2022 13:01","CP-NZU","4-Nov-22",250,82.2,250,20550,"","N","Y","N","31-Oct-22","N"
15910,"28/10/2022 13:00","CP-NZU","4-Nov-22",150,82.25,150,12337.5,"","N","Y","N","31-Oct-22","N"
15895,"27/10/2022 16:41","CP-NZU (F)","Aug-23",1000,84,1000,84000,"","N","Y","N","1-Sep-23","N"
15888,"27/10/2022 12:46","CP-NZU","3-Nov-22",500,82,500,41000,"","Y","Y","N","28-Oct-22","N"
15887,"27/10/2022 12:46","CP-NZU","3-Nov-22",832,82,832,68224,"","N","Y","N","28-Oct-22","N"
15878,"26/10/2022 11:56","CP-NZU","2-Nov-22",325,81.25,325,26406.25,"","N","Y","N","27-Oct-22","N"
15820,"20/10/2022 9:02","CP-NZU","28-Oct-22",765,80.5,765,61582.5,"","N","Y","N","21-Oct-22","N"
15819,"20/10/2022 9:01","CP-NZU","28-Oct-22",1000,80.5,1000,80500,"","N","Y","N","21-Oct-22","N"
15667,"11/10/2022 11:58","CP-NZU","20-Oct-22",1400,82.5,1400,115500,"Off Market Trade","Y","Y","N","14-Oct-22","N"
15650,"10/10/2022 12:00","CP-NZU","17-Oct-22",192,82.5,192,15840,"","N","Y","N","11-Oct-22","N"
15647,"10/10/2022 11:17","CP-NZU","17-Oct-22",500,83,500,41500,"","Y","Y","N","11-Oct-22","N"
15646,"10/10/2022 11:17","CP-NZU","17-Oct-22",400,83,400,33200,"","N","Y","N","11-Oct-22","N"
15645,"10/10/2022 11:17","CP-NZU","17-Oct-22",240,83,240,19920,"","N","Y","N","11-Oct-22","N"
15534,"4/10/2022 12:01","CP-NZU","11-Oct-22",1000,78,1000,78000,"","N","Y","N","5-Oct-22","N"
15519,"3/10/2022 17:10","CP-NZU","10-Oct-22",600,78.05,600,46830,"","N","Y","N","4-Oct-22","N"
15458,"28/09/2022 15:42","CP-NZU","5-Oct-22",224,79.25,224,17752,"","Y","Y","N","29-Sep-22","N"
15457,"28/09/2022 15:01","CP-NZU","5-Oct-22",176,79.25,176,13948,"","Y","Y","N","29-Sep-22","N"
15456,"28/09/2022 14:44","CP-NZU","5-Oct-22",2000,79.25,2000,158500,"","N","Y","N","29-Sep-22","N"
15429,"27/09/2022 10:27","CP-NZU","4-Oct-22",1000,81.09,1000,81090,"","N","Y","N","28-Sep-22","N"
15428,"27/09/2022 10:27","CP-NZU","4-Oct-22",1000,81.2,1000,81200,"","N","Y","N","28-Sep-22","N"
15427,"27/09/2022 10:27","CP-NZU","4-Oct-22",3000,81.3,3000,243900,"","N","Y","N","28-Sep-22","N"
15426,"27/09/2022 10:21","CP-NZU","4-Oct-22",380,81.49,380,30966.2,"","N","Y","N","28-Sep-22","N"
15375,"23/09/2022 13:16","CP-NZU","3-Oct-22",704,81.75,704,57552,"","N","Y","N","27-Sep-22","N"
15299,"20/09/2022 16:08","CP-NZU","28-Sep-22",2400,83,2400,199200,"Off Market Trade","Y","Y","N","21-Sep-22","N"
15249,"16/09/2022 16:37","CP-NZU","23-Sep-22",2654,83.05,2654,220414.7,"Off Market Trade","Y","Y","N","19-Sep-22","N"
15208,"13/09/2022 14:48","CP-NZU","20-Sep-23",5000,90.5,5000,452500,"Off Market Trade","Y","Y","N","14-Sep-23","N"
15207,"13/09/2022 14:37","CP-NZU","20-Sep-22",5000,84.5,5000,422500,"Off Market Trade","Y","Y","N","14-Sep-22","N"
15167,"9/09/2022 11:58","CP-NZU","16-Sep-22",1300,85.7,1300,111410,"Off Market Trade","Y","Y","N","12-Sep-22","N"
15126,"7/09/2022 12:30","CP-NZU","14-Sep-22",2000,86,2000,172000,"Off Market Trade","Y","Y","N","8-Sep-22","N"
15124,"7/09/2022 12:09","CP-NZU","14-Sep-22",120,86.8,120,10416,"","N","Y","N","8-Sep-22","N"
15111,"6/09/2022 13:57","CP-NZU","13-Sep-22",415,86.9,415,36063.5,"","N","Y","N","7-Sep-22","N"
15110,"6/09/2022 13:31","CP-NZU","13-Sep-22",75,87.1,75,6532.5,"","N","Y","N","7-Sep-22","N"
15042,"2/09/2022 15:26","CP-NZU","9-Sep-22",25,86.7,25,2167.5,"","N","Y","N","5-Sep-22","N"
15041,"2/09/2022 14:32","CP-NZU","9-Sep-22",1500,86.75,1500,130125,"","N","Y","N","5-Sep-22","N"
15040,"2/09/2022 14:32","CP-NZU","9-Sep-22",500,86.85,500,43425,"","N","Y","N","5-Sep-22","N"
15039,"2/09/2022 12:50","CP-NZU","9-Sep-22",35,86.7,35,3034.5,"","N","Y","N","5-Sep-22","N"
15035,"1/09/2022 15:01","CP-NZU","8-Sep-22",1,86.65,1,86.65,"","N","Y","N","2-Sep-22","N"
15034,"1/09/2022 15:01","CP-NZU","8-Sep-22",300,86.65,300,25995,"","N","Y","N","2-Sep-22","N"
15033,"1/09/2022 15:01","CP-NZU","8-Sep-22",617,86.65,617,53463.05,"","N","Y","N","2-Sep-22","N"
15017,"1/09/2022 10:48","CP-NZU","8-Sep-22",1,86.65,1,86.65,"","N","Y","N","2-Sep-22","N"
15009,"31/08/2022 15:14","CP-NZU","7-Sep-22",72,86.3,72,6213.6,"","N","Y","N","1-Sep-22","N"
14984,"30/08/2022 16:26","CP-NZU","6-Sep-22",500,86.65,500,43325,"","N","Y","N","31-Aug-22","N"
14983,"30/08/2022 16:26","CP-NZU","6-Sep-22",77,86.6,77,6668.2,"","N","Y","N","31-Aug-22","N"
14973,"29/08/2022 16:12","CP-NZU","5-Sep-22",2720,86.5,2720,235280,"Off Market Trade","Y","Y","N","30-Aug-22","N"
14957,"26/08/2022 16:41","CP-NZU","2-Sep-22",1000,86.05,1000,86050,"","N","Y","N","29-Aug-22","N"
14956,"26/08/2022 14:15","CP-NZU","2-Sep-22",500,86,500,43000,"","N","Y","N","29-Aug-22","N"
14954,"26/08/2022 11:42","CP-NZU","2-Sep-22",466,85.8,466,39982.8,"","N","Y","N","29-Aug-22","N"
14951,"25/08/2022 17:24","CP-NZU","1-Sep-22",2000,85.4,2000,170800,"","N","Y","N","26-Aug-22","N"
14950,"25/08/2022 16:25","CP-NZU","1-Sep-22",4000,85.4,4000,341600,"","N","Y","N","26-Aug-22","N"
14948,"25/08/2022 16:03","CP-NZU","1-Sep-22",408,85.3,408,34802.4,"","N","Y","N","26-Aug-22","N"
14919,"24/08/2022 16:09","CP-NZU","31-Aug-22",381,85.5,381,32575.5,"","N","Y","N","25-Aug-22","N"
14918,"24/08/2022 16:03","CP-NZU","31-Aug-22",619,85.5,619,52924.5,"","N","Y","N","25-Aug-22","N"
14902,"23/08/2022 12:02","CP-NZU","30-Aug-22",1276,85.2,1276,108715.2,"","N","Y","N","24-Aug-22","N"
14901,"23/08/2022 12:02","CP-NZU","30-Aug-22",724,86,724,62264,"","N","Y","N","24-Aug-22","N"
14900,"23/08/2022 12:02","CP-NZU","30-Aug-22",2000,85.2,2000,170400,"","N","Y","N","24-Aug-22","N"
14895,"21/08/2022 17:11","CP-NZU","26-Aug-22",460,85,460,39100,"","N","Y","N","22-Aug-22","N"
14855,"18/08/2022 14:23","CP-NZU","25-Aug-22",5000,85,5000,425000,"Off Market Trade","Y","Y","N","19-Aug-22","N"
14854,"18/08/2022 14:11","CP-NZU","25-Aug-22",6219,84.25,6219,523950.75,"Off Market Trade","Y","Y","N","19-Aug-22","N"
14853,"18/08/2022 14:09","CP-NZU","25-Aug-22",1000,84.5,1000,84500,"","N","Y","N","19-Aug-22","N"
14852,"18/08/2022 14:09","CP-NZU","25-Aug-22",10000,84.5,10000,845000,"","N","Y","N","19-Aug-22","N"
14833,"16/08/2022 14:37","CP-NZU","23-Aug-22",5000,83.2,5000,416000,"Off Market Trade","Y","Y","N","17-Aug-22","N"
14832,"16/08/2022 13:17","CP-NZU","23-Aug-22",5000,80.9,5000,404500,"Off Market Trade","Y","Y","N","17-Aug-22","N"
14831,"16/08/2022 13:05","CP-NZU","23-Aug-22",5000,80.9,5000,404500,"","Y","Y","N","17-Aug-22","N"
14823,"15/08/2022 14:10","CP-NZU","22-Aug-22",724,80.25,724,58101,"","N","Y","N","16-Aug-22","N"
14795,"15/08/2022 11:29","CP-NZU","22-Aug-22",5000,80.3,5000,401500,"Off Market Trade","Y","Y","N","16-Aug-22","N"
14794,"15/08/2022 9:59","CP-NZU","22-Aug-22",1500,80.25,1500,120375,"","N","Y","N","16-Aug-22","N"
14793,"15/08/2022 9:53","CP-NZU","22-Aug-22",1500,80.1,1500,120150,"","N","Y","N","16-Aug-22","N"
14775,"12/08/2022 17:29","CP-NZU","19-Aug-22",2000,80,2000,160000,"","N","Y","N","15-Aug-22","N"
14763,"12/08/2022 14:59","CP-NZU","19-Aug-22",1320,80,1320,105600,"","N","Y","N","15-Aug-22","N"
14722,"10/08/2022 15:34","CP-NZU","17-Aug-22",413,80,413,33040,"","N","Y","N","11-Aug-22","N"
14702,"9/08/2022 16:12","CP-NZU","16-Aug-22",600,79.8,600,47880,"Off Market Trade","Y","Y","N","10-Aug-22","N"
14701,"9/08/2022 16:12","CP-NZU","16-Aug-22",1500,79.8,1500,119700,"Off Market Trade","Y","Y","N","10-Aug-22","N"
14657,"5/08/2022 14:20","CP-NZU","12-Aug-22",2300,79.55,2300,182965,"","N","Y","N","8-Aug-22","N"
14656,"5/08/2022 14:20","CP-NZU","12-Aug-22",700,79.6,700,55720,"","N","Y","N","8-Aug-22","N"
14645,"5/08/2022 10:28","CP-NZU","12-Aug-22",300,79.25,300,23775,"","N","Y","N","8-Aug-22","N"
14636,"3/08/2022 17:11","CP-NZU","10-Aug-22",3000,79.5,3000,238500,"","Y","Y","N","4-Aug-22","N"
14635,"3/08/2022 17:10","CP-NZU","10-Aug-22",1000,79.5,1000,79500,"","Y","Y","N","4-Aug-22","N"
14570,"29/07/2022 16:14","CP-NZU","3-Aug-23",8188,84.65,8188,693114.2,"Off Market Trade","Y","Y","N","28-Jul-23","N"
14569,"29/07/2022 15:57","CP-NZU","3-Aug-22",4188,79.75,4188,333993,"Off Market Trade","Y","Y","N","1-Aug-22","N"
14568,"29/07/2022 15:56","CP-NZU","3-Aug-22",4000,79.75,4000,319000,"Off Market Trade","Y","Y","N","1-Aug-22","N"
14551,"28/07/2022 12:39","CP-NZU","4-Aug-22",26,80.5,26,2093,"","N","Y","N","29-Jul-22","N"
14542,"27/07/2022 12:19","CP-NZU","3-Aug-22",300,80,300,24000,"","N","Y","N","28-Jul-22","N"
14541,"27/07/2022 11:54","CP-NZU","3-Aug-22",737,80,737,58960,"","N","Y","N","28-Jul-22","N"
14540,"27/07/2022 10:10","CP-NZU","3-Aug-22",4560,77,4560,351120,"","N","Y","N","28-Jul-22","N"
14526,"27/07/2022 8:44","CP-NZU","3-Aug-22",50,72.2,50,3610,"","N","Y","N","28-Jul-22","N"
14525,"27/07/2022 8:36","CP-NZU","3-Aug-22",3,72.2,3,216.6,"","N","Y","N","28-Jul-22","N"
14512,"25/07/2022 15:59","CP-NZU","1-Aug-22",3000,72.85,3000,218550,"Off Market Trade","Y","Y","N","26-Jul-22","N"
14508,"25/07/2022 13:02","CP-NZU","1-Aug-22",1664,73,1664,121472,"Off Market Trade","Y","Y","N","26-Jul-22","N"
14466,"21/07/2022 10:57","CP-NZU","28-Jul-22",1000,73.15,1000,73150,"","N","Y","N","22-Jul-22","N"
14450,"19/07/2022 11:58","CP-NZU","26-Jul-22",78,72.95,78,5690.1,"","N","Y","N","20-Jul-22","N"
14382,"15/07/2022 14:50","CP-NZU","22-Jul-22",660,73.15,660,48279,"","N","Y","N","18-Jul-22","N"
14345,"13/07/2022 14:24","CP-NZU","20-Jul-22",660,73,660,48180,"","N","Y","N","14-Jul-22","N"
14344,"13/07/2022 13:59","CP-NZU","20-Jul-22",3044,72.9,3044,221907.6,"","N","Y","N","14-Jul-22","N"
14343,"13/07/2022 13:47","CP-NZU","20-Jul-22",1250,72.8,1250,91000,"Off Market Trade","Y","Y","N","14-Jul-22","N"
14333,"12/07/2022 15:00","CP-NZU","19-Jul-22",1400,72.75,1400,101850,"","N","Y","N","13-Jul-22","N"
14332,"12/07/2022 13:03","CP-NZU","19-Jul-22",1000,73.75,1000,73750,"","N","Y","N","13-Jul-22","N"
14323,"12/07/2022 9:13","CP-NZU","19-Jul-22",107,74,107,7918,"","N","Y","N","13-Jul-22","N"
14310,"11/07/2022 11:44","CP-NZU","18-Jul-22",500,74,500,37000,"","N","Y","N","12-Jul-22","N"
14300,"11/07/2022 9:40","CP-NZU","18-Jul-22",500,74.5,500,37250,"","N","Y","N","12-Jul-22","N"
14270,"8/07/2022 13:09","CP-NZU","15-Jul-22",19,73.1,19,1388.9,"","N","Y","N","11-Jul-22","N"
14234,"7/07/2022 10:10","CP-NZU","14-Jul-22",800,74,800,59200,"","N","Y","N","8-Jul-22","N"
14213,"5/07/2022 11:53","CP-NZU","12-Jul-22",7500,75.5,7500,566250,"Off Market Trade","Y","Y","N","6-Jul-22","N"
14212,"5/07/2022 11:49","CP-NZU","12-Jul-22",1500,75.5,1500,113250,"Off Market Trade","Y","Y","N","6-Jul-22","N"
14205,"4/07/2022 15:45","CP-NZU","11-Jul-22",2000,75.4,2000,150800,"","N","Y","N","5-Jul-22","N"
14202,"4/07/2022 12:07","CP-NZU","11-Jul-22",1000,75.4,1000,75400,"","N","Y","N","5-Jul-22","N"
14180,"1/07/2022 14:32","CP-NZU","8-Jul-22",500,75.96,500,37980,"","N","Y","N","4-Jul-22","N"
14160,"30/06/2022 9:49","CP-NZU","7-Jul-22",3000,76.1,3000,228300,"Off Market Trade","Y","Y","N","1-Jul-22","N"
14159,"30/06/2022 9:01","CP-NZU","7-Jul-22",58,76,58,4408,"","N","Y","N","1-Jul-22","N"
14158,"30/06/2022 9:01","CP-NZU","7-Jul-22",50,76,50,3800,"","N","Y","N","1-Jul-22","N"
14112,"28/06/2022 9:29","CP-NZU","5-Jul-22",500,76,500,38000,"","N","Y","N","29-Jun-22","N"
14109,"27/06/2022 14:42","CP-NZU","4-Jul-22",27,76,27,2052,"","N","Y","N","28-Jun-22","N"
14083,"24/06/2022 12:53","CP-NZU","4-Jul-22",500,76.45,500,38225,"","N","Y","N","28-Jun-22","N"
14075,"23/06/2022 14:05","CP-NZU","1-Jul-22",38,76.2,38,2895.6,"","N","Y","N","27-Jun-22","N"
14074,"23/06/2022 11:36","CP-NZU","1-Jul-22",2000,76.5,2000,153000,"Off Market Trade","Y","Y","N","27-Jun-22","N"
14073,"23/06/2022 11:10","CP-NZU","1-Jul-22",1000,76.5,1000,76500,"","N","Y","N","27-Jun-22","N"
14055,"21/06/2022 15:54","CP-NZU","29-Jun-22",240,76.3,240,18312,"","N","Y","N","22-Jun-22","N"
14047,"21/06/2022 11:39","CP-NZU","29-Jun-22",375,76.4,375,28650,"","N","Y","N","22-Jun-22","N"
14040,"21/06/2022 8:54","CP-NZU","29-Jun-22",2000,76.5,2000,153000,"","N","Y","N","22-Jun-22","N"
14003,"17/06/2022 16:49","CP-NZU","27-Jun-22",915,76.85,915,70317.75,"Off Market Trade","Y","Y","N","20-Jun-22","N"
14002,"17/06/2022 16:49","CP-NZU","27-Jun-22",750,76.85,750,57637.5,"Off Market Trade","Y","Y","N","20-Jun-22","N"
14001,"17/06/2022 15:46","CP-NZU","27-Jun-22",100,77.25,100,7725,"","N","Y","N","20-Jun-22","N"
14000,"17/06/2022 15:11","CP-NZU","27-Jun-22",1000,77,1000,77000,"","N","Y","N","20-Jun-22","N"
13955,"15/06/2022 15:13","CP-NZU","22-Jun-22",500,77,500,38500,"","N","Y","N","16-Jun-22","N"
13945,"15/06/2022 10:51","CP-NZU","22-Jun-22",98,76.5,98,7497,"","N","Y","N","16-Jun-22","N"
13938,"14/06/2022 14:48","CP-NZU","21-Jun-22",2000,76.5,2000,153000,"","N","Y","N","15-Jun-22","N"
13924,"13/06/2022 14:26","CP-NZU","20-Jun-22",105,76.4,105,8022,"","N","Y","N","14-Jun-22","N"
13920,"13/06/2022 11:13","CP-NZU","20-Jun-22",28,76.95,28,2154.6,"","N","Y","N","14-Jun-22","N"
13919,"13/06/2022 10:56","CP-NZU","20-Jun-22",677,76.95,677,52095.15,"","N","Y","N","14-Jun-22","N"
13885,"10/06/2022 10:27","CP-NZU","17-Jun-22",1500,76.6,1500,114900,"","N","Y","N","13-Jun-22","N"
13880,"9/06/2022 13:38","CP-NZU (F)","Sep-22",10000,78,10000,780000,"","N","Y","N","3-Oct-22","N"
13870,"9/06/2022 8:47","CP-NZU","16-Jun-22",722,76.5,722,55233,"","N","Y","N","10-Jun-22","N"
13836,"3/06/2022 15:41","CP-NZU","13-Jun-22",200,76.8,200,15360,"","N","Y","N","7-Jun-22","N"
13835,"3/06/2022 14:57","CP-NZU","13-Jun-22",1000,76.8,1000,76800,"","N","Y","N","7-Jun-22","N"
13833,"3/06/2022 14:34","CP-NZU","13-Jun-22",1000,76.8,1000,76800,"","N","Y","N","7-Jun-22","N"
13832,"3/06/2022 14:18","CP-NZU","13-Jun-22",3000,76.8,3000,230400,"","N","Y","N","7-Jun-22","N"
13824,"2/06/2022 12:39","CP-NZU","10-Jun-22",480,76.7,480,36816,"","N","Y","N","3-Jun-22","N"
13823,"2/06/2022 12:39","CP-NZU","10-Jun-22",900,76.7,900,69030,"","N","Y","N","3-Jun-22","N"
13788,"30/05/2022 16:30","CP-NZU","7-Jun-22",96,76.6,96,7353.6,"","N","Y","N","31-May-22","N"
13785,"30/05/2022 13:24","CP-NZU","7-Jun-22",25000,76.94,25000,1923500,"Off Market Trade","Y","Y","N","31-May-22","N"
13766,"26/05/2022 15:22","CP-NZU","2-Jun-22",50000,77.3,50000,3865000,"Off Market Trade","Y","Y","N","27-May-22","N"
13762,"26/05/2022 13:19","CP-NZU","27-May-22",38201,77.3,38201,2952937.3,"Off Market Trade","Y","Y","N","27-May-22","N"
13759,"26/05/2022 8:05","CP-NZU","2-Jun-22",1000,77,1000,77000,"","N","Y","N","27-May-22","N"
13754,"25/05/2022 14:21","CP-NZU","1-Jun-22",48,77,48,3696,"","N","Y","N","26-May-22","N"
13740,"24/05/2022 16:19","CP-NZU","31-May-22",1000,77.5,1000,77500,"","N","Y","N","25-May-22","N"
13736,"24/05/2022 13:55","CP-NZU","31-May-22",1475,77,1475,113575,"","N","Y","N","25-May-22","N"
13735,"24/05/2022 13:55","CP-NZU","31-May-22",25,77,25,1925,"","N","Y","N","25-May-22","N"
13732,"24/05/2022 10:16","CP-NZU","31-May-22",4000,77,4000,308000,"","N","Y","N","25-May-22","N"
13678,"18/05/2022 8:01","CP-NZU","25-May-22",1000,76.6,1000,76600,"","N","Y","N","19-May-22","N"
13601,"10/05/2022 16:38","CP-NZU","17-May-22",624,77,624,48048,"","N","Y","N","11-May-22","N"
13600,"10/05/2022 16:37","CP-NZU","17-May-22",5000,77,5000,385000,"Off Market Trade","Y","Y","N","11-May-22","N"
13599,"10/05/2022 16:35","CP-NZU","17-May-22",500,76.6,500,38300,"","N","Y","N","11-May-22","N"
13598,"10/05/2022 16:18","CP-NZU","20-May-22",385,76.6,385,29491,"Off Market Trade","Y","Y","N","16-May-22","N"
13597,"10/05/2022 16:18","CP-NZU","20-May-22",615,76.6,615,47109,"Off Market Trade","Y","Y","N","16-May-22","N"
13558,"5/05/2022 11:31","CP-NZU","12-May-22",350,76,350,26600,"","N","Y","N","6-May-22","N"
13557,"5/05/2022 11:28","CP-NZU","12-May-22",1000,76.3,1000,76300,"","N","Y","N","6-May-22","N"
13533,"3/05/2022 11:36","CP-NZU","10-May-22",1000,76,1000,76000,"","N","Y","N","4-May-22","N"
13532,"3/05/2022 11:36","CP-NZU","10-May-22",725,76,725,55100,"","N","Y","N","4-May-22","N"
13531,"3/05/2022 11:36","CP-NZU","10-May-22",1135,75.95,1135,86203.25,"","N","Y","N","4-May-22","N"
13525,"2/05/2022 17:23","CP-NZU","9-May-22",13,75,13,975,"","N","Y","N","3-May-22","N"
13467,"27/04/2022 11:45","CP-NZU","4-May-22",25,76,25,1900,"","N","Y","N","28-Apr-22","N"
13457,"26/04/2022 14:50","CP-NZU","3-May-22",250,76,250,19000,"","N","Y","N","27-Apr-22","N"
13402,"21/04/2022 8:17","CP-NZU","29-Apr-22",3632,76.5,3632,277848,"Off Market Trade","Y","Y","N","22-Apr-22","N"
13401,"21/04/2022 8:16","CP-NZU","29-Apr-22",501,76.95,501,38551.95,"","Y","Y","N","22-Apr-22","N"
13392,"20/04/2022 8:36","CP-NZU","28-Apr-22",62,77,62,4774,"","N","Y","N","21-Apr-22","N"
13336,"14/04/2022 10:02","CP-NZU","26-Apr-22",2000,76.5,2000,153000,"","N","Y","N","19-Apr-22","N"
13318,"12/04/2022 16:32","CP-NZU","21-Apr-22",1000,76,1000,76000,"","N","Y","N","13-Apr-22","N"
13317,"12/04/2022 15:04","CP-NZU","21-Apr-22",1534,75.85,1534,116353.9,"","N","Y","N","13-Apr-22","N"
13230,"4/04/2022 10:41","CP-NZU","11-Apr-22",459,75.5,459,34654.5,"","N","Y","N","5-Apr-22","N"
13188,"1/04/2022 10:27","CP-NZU","8-Apr-22",104,75.5,104,7852,"","N","Y","N","4-Apr-22","N"
13187,"1/04/2022 10:14","CP-NZU","8-Apr-22",600,75.5,600,45300,"","N","Y","N","4-Apr-22","N"
13117,"25/03/2022 12:42","CP-NZU","1-Apr-22",3378,74.15,3378,250478.7,"","N","Y","N","28-Mar-22","N"
13111,"24/03/2022 14:45","CP-NZU","31-Mar-22",1000,73,1000,73000,"","N","Y","N","25-Mar-22","N"
13106,"24/03/2022 13:06","CP-NZU","31-Mar-22",1889,73.15,1889,138180.35,"","N","Y","N","25-Mar-22","N"
13073,"19/03/2022 16:40","CP-NZU","25-Mar-22",1000,72.5,1000,72500,"","N","Y","N","21-Mar-22","N"
12978,"9/03/2022 12:06","CP-NZU","16-Mar-22",38,74.75,38,2840.5,"","N","Y","N","10-Mar-22","N"
12966,"8/03/2022 14:15","CP-NZU","15-Mar-22",10,76,10,760,"","N","Y","N","9-Mar-22","N"
12961,"7/03/2022 16:57","CP-NZU","14-Mar-22",25,78.25,25,1956.25,"","N","Y","N","8-Mar-22","N"
12935,"4/03/2022 15:34","CP-NZU","11-Mar-22",25,79,25,1975,"","N","Y","N","7-Mar-22","N"
12925,"3/03/2022 10:20","CP-NZU","10-Mar-22",14,81,14,1134,"","N","Y","N","4-Mar-22","N"
12893,"25/02/2022 14:16","CP-NZU","4-Mar-22",1000,80.25,1000,80250,"","N","Y","N","28-Feb-22","N"
12883,"24/02/2022 15:56","CP-NZU","3-Mar-22",3500,80.5,3500,281750,"","Y","Y","N","25-Feb-22","N"
12878,"24/02/2022 10:28","CP-NZU","3-Mar-22",1000,81.5,1000,81500,"","Y","Y","N","25-Feb-22","N"
12874,"23/02/2022 16:24","CP-NZU","2-Mar-22",693,81.5,693,56479.5,"","Y","Y","N","24-Feb-22","N"
12860,"22/02/2022 15:44","CP-NZU","1-Mar-22",1000,82,1000,82000,"","Y","Y","N","23-Feb-22","N"
12859,"22/02/2022 15:29","CP-NZU","1-Mar-22",110,82,110,9020,"","N","Y","N","23-Feb-22","N"
12765,"15/02/2022 9:50","CP-NZU","22-Feb-22",5000,84,5000,420000,"","N","Y","N","16-Feb-22","N"
12686,"8/02/2022 10:49","CP-NZU","15-Feb-22",1200,77.5,1200,93000,"","N","Y","N","9-Feb-22","N"
12654,"4/02/2022 15:17","CP-NZU","14-Feb-22",270,78,270,21060,"","Y","Y","N","8-Feb-22","N"
12652,"4/02/2022 13:28","CP-NZU","14-Feb-22",25,78,25,1950,"","N","Y","N","8-Feb-22","N"
12519,"20/01/2022 14:42","CP-NZU","27-Jan-22",45,74,45,3330,"","N","Y","N","21-Jan-22","N"
12505,"19/01/2022 16:45","CP-NZU","26-Jan-22",250,73,250,18250,"","N","Y","N","20-Jan-22","N"
11738,"28/10/2021 10:52","CP-NZU","4-Nov-21",708,65,708,46020,"","N","Y","N","29-Oct-21","N"
11737,"28/10/2021 10:52","CP-NZU","4-Nov-21",42,65,42,2730,"","N","Y","N","29-Oct-21","N"
11726,"27/10/2021 13:35","CP-NZU","3-Nov-21",8,65,8,520,"","N","Y","N","28-Oct-21","N"
11725,"27/10/2021 13:35","CP-NZU","3-Nov-21",189,65,189,12285,"","N","Y","N","28-Oct-21","N"
11724,"27/10/2021 13:34","CP-NZU","3-Nov-21",24,65.1,24,1562.4,"","N","Y","N","28-Oct-21","N"
11723,"27/10/2021 13:34","CP-NZU","3-Nov-21",29,66,29,1914,"","N","Y","N","28-Oct-21","N"
11687,"22/10/2021 14:49","CP-NZU","1-Nov-21",1,65.1,1,65.1,"","N","Y","N","26-Oct-21","N"
11671,"22/10/2021 9:44","CP-NZU","1-Nov-21",211,65,211,13715,"","N","Y","N","26-Oct-21","N"
11670,"22/10/2021 9:44","CP-NZU","1-Nov-21",100,65,100,6500,"","N","Y","N","26-Oct-21","N"
11652,"21/10/2021 9:15","CP-NZU","29-Oct-21",30,65,30,1950,"","N","Y","N","22-Oct-21","N"
11603,"18/10/2021 11:20","CP-NZU","26-Oct-21",2000,65,2000,130000,"","N","Y","N","19-Oct-21","N"
11193,"10/09/2021 16:55","CP-NZU","17-Sep-21",1000,66,1000,66000,"","N","Y","N","13-Sep-21","N"
11191,"10/09/2021 16:52","CP-NZU","17-Sep-21",451,66,451,29766,"","N","Y","N","13-Sep-21","N"
11190,"10/09/2021 16:44","CP-NZU","17-Sep-21",2000,66,2000,132000,"","N","Y","N","13-Sep-21","N"
11158,"7/09/2021 15:00","CP-NZU","14-Sep-21",495,62,495,30690,"","N","Y","N","8-Sep-21","N"
11121,"2/09/2021 15:46","CP-NZU","9-Sep-21",2962,59,2962,174758,"","N","Y","N","3-Sep-21","N"
11067,"26/08/2021 13:37","CP-NZU","2-Sep-21",1606,50.65,1606,81343.9,"","N","Y","N","27-Aug-21","N"
11044,"23/08/2021 14:12","CP-NZU","30-Aug-21",100,50.6,100,5060,"","N","Y","N","24-Aug-21","N"
11041,"23/08/2021 9:00","CP-NZU","30-Aug-21",10000,49.95,10000,499500,"","N","Y","N","24-Aug-21","N"
11034,"20/08/2021 16:57","CP-NZU","27-Aug-21",600,49.6,600,29760,"","N","Y","N","23-Aug-21","N"
11006,"16/08/2021 15:56","CP-NZU","23-Aug-21",1500,49.5,1500,74250,"","N","Y","N","17-Aug-21","N"
11005,"13/08/2021 10:45","CP-NZU","20-Aug-21",500,50,500,25000,"","N","Y","N","16-Aug-21","N"
10991,"10/08/2021 11:44","CP-NZU","17-Aug-21",8000,49.2,8000,393600,"","N","Y","N","11-Aug-21","N"
10951,"3/08/2021 15:39","CP-NZU","10-Aug-21",2000,48.75,2000,97500,"","N","Y","N","4-Aug-21","N"
10950,"3/08/2021 15:10","CP-NZU","10-Aug-21",10000,48.7,10000,487000,"","N","Y","N","4-Aug-21","N"
10875,"20/07/2021 10:08","CP-NZU","27-Jul-21",1549,48,1549,74352,"","N","Y","N","21-Jul-21","N"
10611,"14/06/2021 10:17","CP-NZU","21-Jun-21",140,40.25,140,5635,"","N","Y","N","15-Jun-21","N"
10417,"25/05/2021 14:11","CP-NZU","1-Jun-21",10,37.5,10,375,"","N","Y","N","26-May-21","N"
10416,"25/05/2021 12:07","CP-NZU","1-Jun-21",100,37.5,100,3750,"","N","Y","N","26-May-21","N"
10415,"25/05/2021 12:05","CP-NZU","1-Jun-21",160,37,160,5920,"","N","Y","N","26-May-21","N"
10389,"20/05/2021 15:20","CP-NZU","27-May-21",5000,36.75,5000,183750,"","N","Y","N","21-May-21","N"
10388,"20/05/2021 15:20","CP-NZU","27-May-21",20,37.6,20,752,"","N","Y","N","21-May-21","N"
10373,"17/05/2021 11:08","CP-NZU","24-May-21",35,41.15,35,1440.25,"","N","Y","N","18-May-21","N"
10105,"6/04/2021 17:03","CP-NZU","13-Apr-21",5,39,5,195,"","N","Y","N","7-Apr-21","N"
10032,"31/03/2021 13:42","CP-NZU","9-Apr-21",500,39,500,19500,"","N","Y","N","1-Apr-21","N"
9845,"3/03/2021 13:18","CP-NZU","10-Mar-21",500,38.95,500,19475,"","N","Y","N","4-Mar-21","N"
9744,"17/02/2021 9:56","CP-NZU","24-Feb-21",100,40,100,4000,"","N","Y","N","18-Feb-21","N"
